HEI name,Type,Region,Funding
U Freiburg i.Br.,Universitäten,Baden-Württemberg,Land
U Freiburg i.Br. (ohne Klinikum),Universitäten,Baden-Württemberg,Land
U Freiburg i.Br. (Klinikum),Universitäten,Baden-Württemberg,Land
U Heidelberg in Heidelberg,Universitäten,Baden-Württemberg,Land
U Heidelberg in Heidelberg (ohne Klinikum),Universitäten,Baden-Württemberg,Land
U Heidelberg in Mannheim,Universitäten,Baden-Württemberg,Land
U Heidelberg in Mannheim (Klinikum),Universitäten,Baden-Württemberg,Land
U Heidelberg in Heidelberg (Klinikum),Universitäten,Baden-Württemberg,Land
U Hohenheim,Universitäten,Baden-Württemberg,Land
Karlsruher Institut für Technologie (KIT) - Bereich Hochschule (U),Universitäten,Baden-Württemberg,Land
U Konstanz,Universitäten,Baden-Württemberg,Land
U Mannheim,Universitäten,Baden-Württemberg,Land
U Stuttgart,Universitäten,Baden-Württemberg,Land
U Tübingen,Universitäten,Baden-Württemberg,Land
U Tübingen (ohne Klinikum),Universitäten,Baden-Württemberg,Land
U Tübingen (Klinikum),Universitäten,Baden-Württemberg,Land
U Ulm,Universitäten,Baden-Württemberg,Land
U Ulm (ohne Klinikum),Universitäten,Baden-Württemberg,Land
U Ulm (Klinikum),Universitäten,Baden-Württemberg,Land
TU München in Heilbronn,Universitäten,Baden-Württemberg,Land
Wissenschaftliche H Bierbronnen (U),Universitäten,Baden-Württemberg,Privat
Zeppelin Universität Friedrichshafen (U),Universitäten,Baden-Württemberg,Privat
"Freie Hochschule Stuttgart, Seminar für Waldorfpädagogik (U)",Universitäten,Baden-Württemberg,Privat
H für jüdische Studien Heidelberg (U),Universitäten,Baden-Württemberg,Kirchlich
U Augsburg,Universitäten,Bayern,Land
U Augsburg (ohne Klinikum),Universitäten,Bayern,Land
U Augsburg (Klinikum),Universitäten,Bayern,Land
U Bamberg,Universitäten,Bayern,Land
U Bayreuth,Universitäten,Bayern,Land
Kath. U Eichstätt-Ingolstadt in Eichstätt (U),Universitäten,Bayern,Kirchlich
Kath. U Eichstätt-Ingolstadt in Ingolstadt (U),Universitäten,Bayern,Kirchlich
U Erlangen-Nürnberg in Erlangen,Universitäten,Bayern,Land
U Erlangen-Nürnberg in Nürnberg,Universitäten,Bayern,Land
U Erlangen-Nürnberg in Erlangen (Klinikum),Universitäten,Bayern,Land
Technische Universität Nürnberg,Universitäten,Bayern,Land
U München,Universitäten,Bayern,Land
U München in München,Universitäten,Bayern,Land
U München im Landkreis München,Universitäten,Bayern,Land
U München (ohne Klinikum),Universitäten,Bayern,Land
U München (Klinikum),Universitäten,Bayern,Land
TU München,Universitäten,Bayern,Land
TU München in München,Universitäten,Bayern,Land
TU München in Weihenstephan,Universitäten,Bayern,Land
TU München in Garching,Universitäten,Bayern,Land
TU München in Straubing,Universitäten,Bayern,Land
TU München in München (Klinikum),Universitäten,Bayern,Land
U der Bundeswehr München (FB Universitätsstudiengänge),Universitäten,Bayern,Bund
U der Bundeswehr München (FB Fachhochschulstudiengänge),Universitäten,Bayern,Bund
H für Politik München (U),Universitäten,Bayern,Land
U Passau,Universitäten,Bayern,Land
U Regensburg,Universitäten,Bayern,Land
U Regensburg (ohne Klinikum),Universitäten,Bayern,Land
U Regensburg (Klinikum),Universitäten,Bayern,Land
U Würzburg,Universitäten,Bayern,Land
U Würzburg (ohne Klinikum),Universitäten,Bayern,Land
U Würzburg (Klinikum),Universitäten,Bayern,Land
FU Berlin,Universitäten,Berlin,Land
TU Berlin,Universitäten,Berlin,Land
Charité - Universitätsmedizin Berlin,Universitäten,Berlin,Land
Humboldt-Universität Berlin,Universitäten,Berlin,Land
ESCP Europe Wirtschaftshochschule Berlin (U),Universitäten,Berlin,Privat
"Europ. School of Management and Technology, Berlin (U)",Universitäten,Berlin,Privat
Hertie School of Governance Berlin (U),Universitäten,Berlin,Privat
Steinbeis-H Berlin (U),Universitäten,Berlin,Privat
International Psychoanalytic University Berlin (U),Universitäten,Berlin,Privat
Psychologische Hochschule Berlin (U),Universitäten,Berlin,Privat
"Bard College Berlin, A Liberal Arts University (U)",Universitäten,Berlin,Privat
German International University Berlin (U),Universitäten,Berlin,Privat
Brandenburgische TU Cottbus-Senftenberg in Cottbus,Universitäten,Brandenburg,Land
Brandenburgische TU Cottbus-Senftenberg in Senftenberg,Universitäten,Brandenburg,Land
Europa-U Viadrina Frankfurt (Oder),Universitäten,Brandenburg,Land
U Potsdam,Universitäten,Brandenburg,Land
Medizinische Hochschule Brandenburg in Neuruppin (U),Universitäten,Brandenburg,Privat
Filmuniversität Babelsberg,Universitäten,Brandenburg,Land
HMU Health and Medical University Potsdam (U),Universitäten,Brandenburg,Privat
U Bremen,Universitäten,Bremen,Land
Jacobs University Bremen (U),Universitäten,Bremen,Privat
U Hamburg,Universitäten,Hamburg,Land
U Hamburg (ohne Klinikum),Universitäten,Hamburg,Land
Staats- und Universitätsbibliothek Hamburg,Universitäten,Hamburg,Land
U Hamburg (Klinikum),Universitäten,Hamburg,Land
Technische Universität Hamburg,Universitäten,Hamburg,Land
Hafencity Universität Hamburg,Universitäten,Hamburg,Land
Helmut-Schmidt-Universität Hamburg,Universitäten,Hamburg,Bund
Bucerius Law School Hamburg (U),Universitäten,Hamburg,Privat
KLU Kühne Logistics University (U),Universitäten,Hamburg,Privat
TU Darmstadt,Universitäten,Hessen,Land
U Frankfurt a.M.,Universitäten,Hessen,Land
U Frankfurt a.M. (ohne Klinikum),Universitäten,Hessen,Land
U Frankfurt a.M. (Klinikum),Universitäten,Hessen,Land
U Gießen,Universitäten,Hessen,Land
"Universitätsklinikum Gießen und Marburg, Abt. Gießen (H)",Hochschule,Hessen,Privat
"Universitätsklinikum Gießen und Marburg, Abt. Marburg (H)",Hochschule,Hessen,Privat
U Kassel in Kassel (ohne Kunsthochschule),Universitäten,Hessen,Land
U Kassel in Kassel (Kunsthochschule),Universitäten,Hessen,Land
U Kassel in Kassel (Intern. Management School),Universitäten,Hessen,Land
U Kassel in Witzenhausen,Universitäten,Hessen,Land
U Marburg,Universitäten,Hessen,Land
Frankfurt School of Finance & Management-HfB (U),Universitäten,Hessen,Privat
EBS U für Wirtschaft und Recht in Oestrich-Winkel (U),Universitäten,Hessen,Privat
EBS U für Wirtschaft und Recht in Wiesbaden (U),Universitäten,Hessen,Privat
U Greifswald,Universitäten,Mecklenburg-Vorp.,Land
U Greifswald (ohne Klinikum),Universitäten,Mecklenburg-Vorp.,Land
U Greifswald (Klinikum),Universitäten,Mecklenburg-Vorp.,Land
U Rostock,Universitäten,Mecklenburg-Vorp.,Land
U Rostock (ohne Klinikum),Universitäten,Mecklenburg-Vorp.,Land
U Rostock (Klinikum),Universitäten,Mecklenburg-Vorp.,Land
TU Braunschweig,Universitäten,Niedersachsen,Land
TU Clausthal,Universitäten,Niedersachsen,Land
U Göttingen,Universitäten,Niedersachsen,Land
U Göttingen (ohne Klinikum),Universitäten,Niedersachsen,Land
U Göttingen (Klinikum),Universitäten,Niedersachsen,Land
U Hannover,Universitäten,Niedersachsen,Land
Medizinische H Hannover (U),Universitäten,Niedersachsen,Land
Medizinische H Hannover (ohne Klinikum),Unknown,Niedersachsen,Land
Medizinische H Hannover (Klinikum),Unknown,Niedersachsen,Land
Tierärztliche H Hannover (U),Universitäten,Niedersachsen,Land
U Hildesheim,Universitäten,Niedersachsen,Land
U Lüneburg,Universitäten,Niedersachsen,Land
U Oldenburg,Universitäten,Niedersachsen,Land
U Osnabrück,Universitäten,Niedersachsen,Land
Universität Vechta,Universitäten,Niedersachsen,Land
TH Aachen (U),Universitäten,Nordrhein-Westfalen,Land
TH Aachen (ohne Klinikum),Theol. Hochschulen,Nordrhein-Westfalen,Land
TH Aachen (Klinikum),Theol. Hochschulen,Nordrhein-Westfalen,Land
U Bielefeld,Universitäten,Nordrhein-Westfalen,Land
U Bochum,Universitäten,Nordrhein-Westfalen,Land
U Bochum (ohne Klinikum),Universitäten,Nordrhein-Westfalen,Land
U Bochum (Klinikum),Universitäten,Nordrhein-Westfalen,Land
U Bonn,Universitäten,Nordrhein-Westfalen,Land
U Bonn (ohne Klinikum),Universitäten,Nordrhein-Westfalen,Land
U Bonn (Klinikum),Universitäten,Nordrhein-Westfalen,Land
TU Dortmund,Universitäten,Nordrhein-Westfalen,Land
U Düsseldorf,Universitäten,Nordrhein-Westfalen,Land
U Düsseldorf (ohne Klinikum),Universitäten,Nordrhein-Westfalen,Land
U Düsseldorf (Klinikum),Universitäten,Nordrhein-Westfalen,Land
U Duisburg-Essen in Essen,Universitäten,Nordrhein-Westfalen,Land
U Duisburg-Essen in Essen (ohne Klinikum),Universitäten,Nordrhein-Westfalen,Land
U Duisburg-Essen in Duisburg,Universitäten,Nordrhein-Westfalen,Land
U Duisburg-Essen in Essen (Klinikum),Universitäten,Nordrhein-Westfalen,Land
Fernuniversität Hagen,Universitäten,Nordrhein-Westfalen,Land
U Köln,Universitäten,Nordrhein-Westfalen,Land
U Köln (ohne Klinikum),Universitäten,Nordrhein-Westfalen,Land
U Köln (Klinikum),Universitäten,Nordrhein-Westfalen,Land
Deutsche Sporthochschule Köln (U),Universitäten,Nordrhein-Westfalen,Land
U Münster,Universitäten,Nordrhein-Westfalen,Land
U Münster (ohne Klinikum),Universitäten,Nordrhein-Westfalen,Land
U Münster (Klinikum),Universitäten,Nordrhein-Westfalen,Land
U Paderborn,Universitäten,Nordrhein-Westfalen,Land
U Siegen,Universitäten,Nordrhein-Westfalen,Land
U Wuppertal,Universitäten,Nordrhein-Westfalen,Land
Universität Witten-Herdecke (U),Universitäten,Nordrhein-Westfalen,Privat
Universität Witten-Herdecke (U) (ohne Klinikum),Universitäten,Nordrhein-Westfalen,Privat
Universität Witten-Herdecke (U) (Klinikum),Universitäten,Nordrhein-Westfalen,Privat
"Deutsche Hochschule der Polizei, Münster (U)",Universitäten,Nordrhein-Westfalen,Land
TU Kaiserslautern,Universitäten,Rheinland-Pfalz,Land
"U Koblenz-Landau in Mainz, Präsidialamt",Universitäten,Rheinland-Pfalz,Land
U Koblenz-Landau in Koblenz,Universitäten,Rheinland-Pfalz,Land
U Koblenz-Landau in Landau,Universitäten,Rheinland-Pfalz,Land
U Mainz in Germersheim,Universitäten,Rheinland-Pfalz,Land
U Mainz in Mainz,Universitäten,Rheinland-Pfalz,Land
Universitätsmedizin der U Mainz,Universitäten,Rheinland-Pfalz,Land
Deutsche Universität für Verwaltungswissenschaften Speyer,Universitäten,Rheinland-Pfalz,Land
U Trier,Universitäten,Rheinland-Pfalz,Land
"Wissenschaftliche H für Unternehmensführung, Vallendar (U)",Universitäten,Rheinland-Pfalz,Privat
U des Saarlandes Saarbrücken in Saarbrücken,Universitäten,Saarland,Land
U des Saarlandes Saarbrücken in Saarbrücken,Universitäten,Saarland,Land
U des Saarlandes Saarbrücken in Homburg/Saar (Med. Fakultät),Universitäten,Saarland,Land
U des Saarlandes Saarbrücken in Homburg/Saar (Klinikum-LKH),Universitäten,Saarland,Land
TU Chemnitz,Universitäten,Sachsen,Land
TU Dresden in Dresden,Universitäten,Sachsen,Land
TU Dresden in Tharandt,Universitäten,Sachsen,Land
TU Dresden in Zittau (IHI),Universitäten,Sachsen,Land
TU Dresden (ohne Klinikum),Universitäten,Sachsen,Land
TU Dresden (Klinikum),Universitäten,Sachsen,Land
TU Dresden (Med. Fakultät),Universitäten,Sachsen,Land
TU Bergakademie Freiberg,Universitäten,Sachsen,Land
U Leipzig,Universitäten,Sachsen,Land
U Leipzig (ohne Klinikum),Universitäten,Sachsen,Land
U Leipzig (Klinikum),Universitäten,Sachsen,Land
U Leipzig (Med. Fakultät),Universitäten,Sachsen,Land
DIU-Dresden International University (U),Universitäten,Sachsen,Privat
HHL Leipzig Graduate School of Management (U),Universitäten,Sachsen,Privat
U Halle in Halle,Universitäten,Sachsen-Anhalt,Land
U Halle in Merseburg,Universitäten,Sachsen-Anhalt,Land
U Halle in Halle (Klinikum),Universitäten,Sachsen-Anhalt,Land
U Magdeburg,Universitäten,Sachsen-Anhalt,Land
U Magdeburg (ohne Klinikum),Universitäten,Sachsen-Anhalt,Land
U Magdeburg (Klinikum),Universitäten,Sachsen-Anhalt,Land
EUF Europa-Universität Flensburg,Universitäten,Schleswig-Holstein,Land
U Kiel,Universitäten,Schleswig-Holstein,Land
U Lübeck,Universitäten,Schleswig-Holstein,Land
Universitätsklinikum Schleswig-Holstein,Universitäten,Schleswig-Holstein,Land
U Erfurt,Universitäten,Thüringen,Land
TU Ilmenau,Universitäten,Thüringen,Land
U Jena,Universitäten,Thüringen,Land
U Jena (ohne Klinikum),Universitäten,Thüringen,Land
U Jena (Klinikum),Universitäten,Thüringen,Land
Bauhaus-U Weimar,Universitäten,Thüringen,Land
PH Freiburg i.Br.,Päd. Hochschulen,Baden-Württemberg,Land
PH Heidelberg,Päd. Hochschulen,Baden-Württemberg,Land
PH Karlsruhe,Päd. Hochschulen,Baden-Württemberg,Land
PH Ludwigsburg,Päd. Hochschulen,Baden-Württemberg,Land
PH Schwäbisch Gmünd,Päd. Hochschulen,Baden-Württemberg,Land
PH Weingarten,Päd. Hochschulen,Baden-Württemberg,Land
H für Philosophie München (Theol. H),Theol. Hochschulen,Bayern,Kirchlich
Augustana-H Neuendettelsau (Theol. H),Theol. Hochschulen,Bayern,Kirchlich
Phil.-Theol. H Frankfurt a.M. (Theol. H),Theol. Hochschulen,Hessen,Kirchlich
Theol. Fakultät Fulda (Theol. H),Theol. Hochschulen,Hessen,Kirchlich
Luth.-Theologische H Oberursel (Theol. H),Theol. Hochschulen,Hessen,Kirchlich
Theologische H Ewersbach in Dietzhölztal (Theol. H),Theol. Hochschulen,Hessen,Privat
Freie Theologische H (FTH) Gießen (Theol. H),Theol. Hochschulen,Hessen,Privat
Evangelische Hochschule Tabor in Marburg (Theol. H),Theol. Hochschulen,Hessen,Privat
H für Kirchenmusik Herford-Witten (Theol. H),Theol. Hochschulen,Nordrhein-Westfalen,Kirchlich
Phil.-Theol. H Münster (Theol. H),Theol. Hochschulen,Nordrhein-Westfalen,Kirchlich
Theol. Fakultät Paderborn (Theol. H),Theol. Hochschulen,Nordrhein-Westfalen,Kirchlich
Kölner H für Katholische Theologie (Theol. H),Theol. Hochschulen,Nordrhein-Westfalen,Kirchlich
Kirchliche Hochschule Wuppertal / Bethel in Bethel (Theol. H),Theol. Hochschulen,Nordrhein-Westfalen,Kirchlich
Kirchliche Hochschule Wuppertal / Bethel in Wuppertal (Theol. H),Theol. Hochschulen,Nordrhein-Westfalen,Kirchlich
Theol. Fakultät Trier (Theol. H),Theol. Hochschulen,Rheinland-Pfalz,Kirchlich
Theol. H Vallendar (Theol. H),Theol. Hochschulen,Rheinland-Pfalz,Kirchlich
Theol. H Friedensau (Theol. H),Theol. Hochschulen,Sachsen-Anhalt,Kirchlich
Staatl. H für Musik Freiburg i.Br. (Kunst-H),Kunsthochschulen,Baden-Württemberg,Land
Staatl. Akademie der Bildenden Künste Karlsruhe (Kunst-H),Kunsthochschulen,Baden-Württemberg,Land
Staatl. H für Gestaltung Karlsruhe (Kunst-H),Kunsthochschulen,Baden-Württemberg,Land
Staatl. H für Musik Karlsruhe (Kunst-H),Kunsthochschulen,Baden-Württemberg,Land
Staatl. H für Musik und Darstellende Kunst Mannheim (Kunst-H),Kunsthochschulen,Baden-Württemberg,Land
Staatl. Akademie der Bildenden Künste Stuttgart (Kunst-H),Kunsthochschulen,Baden-Württemberg,Land
Staatl. H für Musik und Darstellende Kunst Stuttgart (Kunst-H),Kunsthochschulen,Baden-Württemberg,Land
Staatl. H für Musik Trossingen (Kunst-H),Kunsthochschulen,Baden-Württemberg,Land
Akademie der Bildenden Künste München (Kunst-H),Kunsthochschulen,Bayern,Land
H für Fernsehen und Film München (Kunst-H),Kunsthochschulen,Bayern,Land
H für Musik und Theater München (Kunst-H),Kunsthochschulen,Bayern,Land
Akademie der Bildenden Künste Nürnberg (Kunst-H),Kunsthochschulen,Bayern,Land
H für Musik Nürnberg (Kunst-H),Kunsthochschulen,Bayern,Land
H für Musik Würzburg (Kunst-H),Kunsthochschulen,Bayern,Land
H für evang. Kirchenmusik Bayreuth (Kunst-H),Kunsthochschulen,Bayern,Kirchlich
"H für kath. Kirchenmusik und Musikpädagogik, Regensburg (Kunst-H)",Kunsthochschulen,Bayern,Kirchlich
U der Künste Berlin (Kunst-H),Kunsthochschulen,Berlin,Land
Weißensee Kunsthochschule Berlin (Kunst-H),Kunsthochschulen,Berlin,Land
H für Musik Berlin (Kunst-H),Kunsthochschulen,Berlin,Land
H für Schauspielkunst Berlin (Kunst-H),Kunsthochschulen,Berlin,Land
Barenboim-Said Akademie Berlin (Kunst-H),Kunsthochschulen,Berlin,Privat
H für Künste Bremen (Kunst-H),Kunsthochschulen,Bremen,Land
H für Bildende Künste Hamburg (Kunst-H),Kunsthochschulen,Hamburg,Land
H für Musik und Theater Hamburg (Kunst-H),Kunsthochschulen,Hamburg,Land
H für Bildende Künste - Städelschule Frankfurt a.M. (Kunst-H),Kunsthochschulen,Hessen,Land
H für Musik und Darstellende Kunst Frankfurt a.M. (Kunst-H),Kunsthochschulen,Hessen,Land
H für Gestaltung Offenbach (Kunst-H),Kunsthochschulen,Hessen,Land
H für Musik und Theater Rostock (Kunst-H),Kunsthochschulen,Mecklenburg-Vorp.,Land
H für Bildende Künste Braunschweig (Kunst-H),Kunsthochschulen,Niedersachsen,Land
"Hochschule für Musik, Theater und Medien Hannover (Kunst-H)",Kunsthochschulen,Niedersachsen,Land
H für Musik Detmold (Kunst-H),Kunsthochschulen,Nordrhein-Westfalen,Land
Kunstakademie Düsseldorf (Kunst-H),Kunsthochschulen,Nordrhein-Westfalen,Land
Robert-Schumann-H Düsseldorf (Kunst-H),Kunsthochschulen,Nordrhein-Westfalen,Land
Folkwang U der Künste Essen in Bochum (Kunst-H),Kunsthochschulen,Nordrhein-Westfalen,Land
Folkwang U der Künste Essen in Dortmund (Kunst-H),Kunsthochschulen,Nordrhein-Westfalen,Land
Folkwang U der Künste Essen in Duisburg (Kunst-H),Kunsthochschulen,Nordrhein-Westfalen,Land
Folkwang U der Künste Essen in Essen (Kunst-H),Kunsthochschulen,Nordrhein-Westfalen,Land
KH für Medien Köln (Kunst-H),Kunsthochschulen,Nordrhein-Westfalen,Land
H für Musik und Tanz Köln in Aachen (Kunst-H),Kunsthochschulen,Nordrhein-Westfalen,Land
H für Musik und Tanz Köln in Köln (Kunst-H),Kunsthochschulen,Nordrhein-Westfalen,Land
H für Musik und Tanz Köln in Wuppertal (Kunst-H),Kunsthochschulen,Nordrhein-Westfalen,Land
Kunstakademie Münster (Kunst-H),Kunsthochschulen,Nordrhein-Westfalen,Land
Alanus H Alfter (Kunst-H),Kunsthochschulen,Nordrhein-Westfalen,Privat
Hochschule der bildenden Künste (HBK) Essen  (Kunst-H),Kunsthochschulen,Nordrhein-Westfalen,Privat
H der Bildenden Künste Saarbrücken (Kunst-H),Kunsthochschulen,Saarland,Land
Hochschule für Musik Saarbrücken (Kunst-H),Kunsthochschulen,Saarland,Land
H für Bildende Künste Dresden (Kunst-H),Kunsthochschulen,Sachsen,Land
"H für Kirchenmusik der Evang.-Luth. Landeskirche Sachsens, Dresden (Kunst-H)",Kunsthochschulen,Sachsen,Kirchlich
H für Musik Dresden (Kunst-H),Kunsthochschulen,Sachsen,Land
Palucca Hochschule für Tanz Dresden (Kunst-H),Kunsthochschulen,Sachsen,Land
H für Graphik und Buchkunst Leipzig (Kunst-H),Kunsthochschulen,Sachsen,Land
H für Musik und Theater Leipzig (Kunst-H),Kunsthochschulen,Sachsen,Land
Burg Giebichenstein Kunsthochschule Halle (Kunst-H),Kunsthochschulen,Sachsen-Anhalt,Land
Evang. H für Kirchenmusik Halle (Kunst-H),Kunsthochschulen,Sachsen-Anhalt,Kirchlich
Muthesius Kunsthochschule Kiel (Kunst-H),Kunsthochschulen,Schleswig-Holstein,Land
Musikhochschule Lübeck (Kunst-H),Kunsthochschulen,Schleswig-Holstein,Land
H für Musik Weimar (Kunst-H),Kunsthochschulen,Thüringen,Land
Hochschule Aalen - Technik und Wirtschaft in Aalen (FH),Fachhochschulen (ohne VerwFH),Baden-Württemberg,Land
Hochschule Aalen - Technik und Wirtschaft in Schwäbisch Gmünd (FH),Fachhochschulen (ohne VerwFH),Baden-Württemberg,Land
H Albstadt-Sigmaringen in Albstadt (FH),Fachhochschulen (ohne VerwFH),Baden-Württemberg,Land
H Albstadt-Sigmaringen in Sigmaringen (FH),Fachhochschulen (ohne VerwFH),Baden-Württemberg,Land
H Biberach a. d. Riss (FH),Fachhochschulen (ohne VerwFH),Baden-Württemberg,Land
H Esslingen in Esslingen (FH),Fachhochschulen (ohne VerwFH),Baden-Württemberg,Land
H Esslingen in Göppingen (FH),Fachhochschulen (ohne VerwFH),Baden-Württemberg,Land
H Furtwangen in Furtwangen (FH),Fachhochschulen (ohne VerwFH),Baden-Württemberg,Land
H Furtwangen in Villingen-Schwenningen (FH),Fachhochschulen (ohne VerwFH),Baden-Württemberg,Land
H Furtwangen in Tuttlingen (FH),Fachhochschulen (ohne VerwFH),Baden-Württemberg,Land
H Heilbronn in Heilbronn (FH),Fachhochschulen (ohne VerwFH),Baden-Württemberg,Land
H Heilbronn in Künzelsau (FH),Fachhochschulen (ohne VerwFH),Baden-Württemberg,Land
H Heilbronn in Schwäbisch Hall (FH),Fachhochschulen (ohne VerwFH),Baden-Württemberg,Land
H Karlsruhe (FH),Fachhochschulen (ohne VerwFH),Baden-Württemberg,Land
H Konstanz (FH),Fachhochschulen (ohne VerwFH),Baden-Württemberg,Land
Hochschule der Bundesagentur für Arbeit in Mannheim (FH),Fachhochschulen (ohne VerwFH),Baden-Württemberg,Bund
H Mannheim (FH),Fachhochschulen (ohne VerwFH),Baden-Württemberg,Land
H Nürtingen in Geislingen (FH),Fachhochschulen (ohne VerwFH),Baden-Württemberg,Land
H Nürtingen in Nürtingen (FH),Fachhochschulen (ohne VerwFH),Baden-Württemberg,Land
H Offenburg (FH),Fachhochschulen (ohne VerwFH),Baden-Württemberg,Land
H Pforzheim (FH),Fachhochschulen (ohne VerwFH),Baden-Württemberg,Land
"Duale Hochschule Baden-Württemberg Mosbach, Campus Bad Mergentheim",Hochschule,Baden-Württemberg,Land
"Duale Hochschule Baden-Württemberg Ravensburg, Campus Friedrichshafen",Hochschule,Baden-Württemberg,Land
Duale Hochschule Baden-Württemberg Heidenheim,Hochschule,Baden-Württemberg,Land
Duale Hochschule Baden-Württemberg Heilbronn,Hochschule,Baden-Württemberg,Land
"Duale Hochschule Baden-Württemberg CAS, Heilbronn",Hochschule,Baden-Württemberg,Land
"Duale Hochschule Baden-Württemberg Stuttgart, Campus Horb",Hochschule,Baden-Württemberg,Land
Duale Hochschule Baden-Württemberg Karlsruhe,Hochschule,Baden-Württemberg,Land
Duale Hochschule Baden-Württemberg Lörrach,Hochschule,Baden-Württemberg,Land
Duale Hochschule Baden-Württemberg Mannheim,Hochschule,Baden-Württemberg,Land
Duale Hochschule Baden-Württemberg Mosbach,Hochschule,Baden-Württemberg,Land
Duale Hochschule Baden-Württemberg Ravensburg,Hochschule,Baden-Württemberg,Land
Duale Hochschule Baden-Württemberg Stuttgart,Hochschule,Baden-Württemberg,Land
"Duale Hochschule Baden-Württemberg Präsidium, Stuttgart",Hochschule,Baden-Württemberg,Land
Duale Hochschule Baden-Württemberg Villingen-Schwenningen,Hochschule,Baden-Württemberg,Land
H Ravensburg-Weingarten (FH),Fachhochschulen (ohne VerwFH),Baden-Württemberg,Land
H für Technik und Wirtschaft Reutlingen (FH),Fachhochschulen (ohne VerwFH),Baden-Württemberg,Land
H für Forstwirtschaft Rottenburg (FH),Fachhochschulen (ohne VerwFH),Baden-Württemberg,Land
H für Gestaltung Schwäbisch Gmünd (FH),Fachhochschulen (ohne VerwFH),Baden-Württemberg,Land
"FH Stuttgart, H der Medien",Fachhochschulen (ohne VerwFH),Baden-Württemberg,Land
Hochschule für Technik Stuttgart (FH),Fachhochschulen (ohne VerwFH),Baden-Württemberg,Land
Technische Hochschule Ulm (FH),Fachhochschulen (ohne VerwFH),Baden-Württemberg,Land
Internationale Hochschule Liebenzell (FH),Fachhochschulen (ohne VerwFH),Baden-Württemberg,Kirchlich
H für Ökonomie und Management Essen in Mannheim (FH),Fachhochschulen (ohne VerwFH),Baden-Württemberg,Privat
H für Ökonomie und Management Essen in Stuttgart (FH),Fachhochschulen (ohne VerwFH),Baden-Württemberg,Privat
H für Ökonomie und Management Essen in Karlsruhe (FH),Fachhochschulen (ohne VerwFH),Baden-Württemberg,Privat
IU Internationale Hochschule Erfurt in Mannheim (FH),Fachhochschulen (ohne VerwFH),Baden-Württemberg,Privat
"Hochschule Macromedia für angewandte Wissenschaften Stuttgart, Campus Stuttgart (FH)",Fachhochschulen (ohne VerwFH),Baden-Württemberg,Privat
"Hochschule Macromedia für angewandte Wissenschaften Stuttgart, Campus Freiburg i. Br. (FH)",Fachhochschulen (ohne VerwFH),Baden-Württemberg,Privat
International School of Management Dortmund in Stuttgart (FH),Fachhochschulen (ohne VerwFH),Baden-Württemberg,Privat
EU European University of Applied Sciences in Mannheim (FH),Fachhochschulen (ohne VerwFH),Baden-Württemberg,Privat
SRH Hochschule Heidelberg (FH),Fachhochschulen (ohne VerwFH),Baden-Württemberg,Privat
"Karlshochschule International University, Karlsruhe (FH)",Fachhochschulen (ohne VerwFH),Baden-Württemberg,Privat
Hochschule der Wirtschaft für Management (HdWM) Mannheim (FH),Fachhochschulen (ohne VerwFH),Baden-Württemberg,Privat
Hochschule für Kommunikation und Gestaltung in Stuttgart (FH),Fachhochschulen (ohne VerwFH),Baden-Württemberg,Privat
Hochschule für Kommunikation und Gestaltung in Ulm (FH),Fachhochschulen (ohne VerwFH),Baden-Württemberg,Privat
Hochschule Fresenius Heidelberg (FH),Fachhochschulen (ohne VerwFH),Baden-Württemberg,Privat
"SRH Fernhochschule, Riedlingen (FH)",Fachhochschulen (ohne VerwFH),Baden-Württemberg,Privat
VWA-Hochschule für berufsbegleitendes Studium Stuttgart in Freiburg (FH),Fachhochschulen (ohne VerwFH),Baden-Württemberg,Privat
VWA-Hochschule für berufsbegleitendes Studium Stuttgart in Karlsruhe (FH),Fachhochschulen (ohne VerwFH),Baden-Württemberg,Privat
VWA-Hochschule für berufsbegleitendes Studium Stuttgart in Stuttgart (FH),Fachhochschulen (ohne VerwFH),Baden-Württemberg,Privat
VWA-Hochschule für berufsbegleitendes Studium Stuttgart in Ulm (FH),Fachhochschulen (ohne VerwFH),Baden-Württemberg,Privat
Allensbach Hochschule Konstanz (FH),Fachhochschulen (ohne VerwFH),Baden-Württemberg,Privat
AKAD Hochschule Stuttgart (Fern-FH),Fern-Fachhochschule,Baden-Württemberg,Privat
VICTORIA - Internationale Hochschule Berlin in Baden Baden (FH),Fachhochschulen (ohne VerwFH),Baden-Württemberg,Privat
media Akademie - Hochschule Stuttgart (FH),Fachhochschulen (ohne VerwFH),Baden-Württemberg,Privat
"Merz Akademie Hochschule für Gestaltung, Kunst und Medien, Stuttgart (FH)",Fachhochschulen (ohne VerwFH),Baden-Württemberg,Privat
IB Hochschule für Gesundheit und Soziales Berlin in Stuttgart (FH),Fachhochschulen (ohne VerwFH),Baden-Württemberg,Privat
Evang. Hochschule Freiburg (FH),Fachhochschulen (ohne VerwFH),Baden-Württemberg,Kirchlich
Theologisches Seminar Reutlingen (FH),Fachhochschulen (ohne VerwFH),Baden-Württemberg,Kirchlich
Evangelische Hochschule Ludwigsburg in Ludwigsburg (FH),Fachhochschulen (ohne VerwFH),Baden-Württemberg,Kirchlich
Evangelische Hochschule Ludwigsburg in Reutlingen (FH),Fachhochschulen (ohne VerwFH),Baden-Württemberg,Kirchlich
"Kath. Hochschule Freiburg i.Br., Campus Freiburg (FH)",Fachhochschulen (ohne VerwFH),Baden-Württemberg,Kirchlich
"Kath. Hochschule Freiburg i.Br., Campus Stuttgart (FH)",Fachhochschulen (ohne VerwFH),Baden-Württemberg,Kirchlich
Ostbayerische Technische Hochschule Amberg-Weiden (FH) in Amberg,Fachhochschulen (ohne VerwFH),Bayern,Land
Ostbayerische Technische Hochschule Amberg-Weiden (FH) in Weiden,Fachhochschulen (ohne VerwFH),Bayern,Land
Hochschule für angewandte Wissenschaften Ansbach in Ansbach (FH),Fachhochschulen (ohne VerwFH),Bayern,Land
Hochschule für angewandte Wissenschaften Ansbach in Rothenburg (FH),Fachhochschulen (ohne VerwFH),Bayern,Land
Hochschule für angewandte Wissenschaften Ansbach in Weißenburg (FH),Fachhochschulen (ohne VerwFH),Bayern,Land
TH Aschaffenburg (FH),Fachhochschulen (ohne VerwFH),Bayern,Land
Hochschule für angewandte Wissenschaften Augsburg (FH),Fachhochschulen (ohne VerwFH),Bayern,Land
Hochschule für angewandte Wissenschaften Coburg (FH),Fachhochschulen (ohne VerwFH),Bayern,Land
Technische Hochschule Deggendorf (FH),Fachhochschulen (ohne VerwFH),Bayern,Land
Technische Hochschule Deggendorf in Deggendorf (FH),Fachhochschulen (ohne VerwFH),Bayern,Land
Technische Hochschule Deggendorf im Landkreis Rottal-Inn (FH),Fachhochschulen (ohne VerwFH),Bayern,Land
Technische Hochschule Deggendorf in Cham (FH),Fachhochschulen (ohne VerwFH),Bayern,Land
Hochschule für angewandte Wissenschaften Hof in Hof (FH),Fachhochschulen (ohne VerwFH),Bayern,Land
Hochschule für angewandte Wissenschaften Hof in Münchberg (FH),Fachhochschulen (ohne VerwFH),Bayern,Land
Technische Hochschule Ingolstadt in Ingolstadt (FH),Fachhochschulen (ohne VerwFH),Bayern,Land
Technische Hochschule Ingolstadt in Neuburg a. d. Donau (FH),Fachhochschulen (ohne VerwFH),Bayern,Land
Hochschule für angewandte Wissenschaften Kempten (FH),Fachhochschulen (ohne VerwFH),Bayern,Land
Hochschule für angewandte Wissenschaften Landshut (FH),Fachhochschulen (ohne VerwFH),Bayern,Land
Hochschule für angewandte Wissenschaften München (FH),Fachhochschulen (ohne VerwFH),Bayern,Land
Hochschule für angewandte Wissenschaften Neu-Ulm (FH),Fachhochschulen (ohne VerwFH),Bayern,Land
Technische Hochschule Nürnberg Georg Simon Ohm (FH),Fachhochschulen (ohne VerwFH),Bayern,Land
Ostbayerische Technische Hochschule Regensburg (FH),Fachhochschulen (ohne VerwFH),Bayern,Land
Mediadesign Hochschule Berlin in München (FH),Fachhochschulen (ohne VerwFH),Bayern,Privat
IB Hochschule für Gesundheit und Soziales Berlin in München (FH),Fachhochschulen (ohne VerwFH),Bayern,Privat
TH Rosenheim in Rosenheim (FH),Fachhochschulen (ohne VerwFH),Bayern,Land
TH Rosenheim in Mühldorf a. Inn (FH),Fachhochschulen (ohne VerwFH),Bayern,Land
TH Rosenheim in Burghausen (FH),Fachhochschulen (ohne VerwFH),Bayern,Land
H für angewandte Wissenschaften Weihenstephan-Triesdorf (FH) in Triesdorf,Fachhochschulen (ohne VerwFH),Bayern,Land
H für angewandte Wissenschaften Weihenstephan-Triesdorf (FH) in Weihenstephan,Fachhochschulen (ohne VerwFH),Bayern,Land
H für angewandte Wissenschaften Weihenstephan-Triesdorf (FH) in Straubing,Fachhochschulen (ohne VerwFH),Bayern,Land
H für angewandte Wissenschaften Würzburg-Schweinfurt in Schweinfurt (FH),Fachhochschulen (ohne VerwFH),Bayern,Land
H für angewandte Wissenschaften Würzburg-Schweinfurt in Würzburg (FH),Fachhochschulen (ohne VerwFH),Bayern,Land
FH des Mittelstandes (FHM) in Bamberg (FH),Fachhochschulen (ohne VerwFH),Bayern,Privat
HDBW Hochschule der Bayerischen Wirtschaft für angewandte Wissenschaften in München (FH),Fachhochschulen (ohne VerwFH),Bayern,Privat
H für Ökonomie und Management Essen in Augsburg (FH),Fachhochschulen (ohne VerwFH),Bayern,Privat
H für Ökonomie und Management Essen in München (FH),Fachhochschulen (ohne VerwFH),Bayern,Privat
H für Ökonomie und Management Essen in Nürnberg (FH),Fachhochschulen (ohne VerwFH),Bayern,Privat
Hochschule Fresenius Idstein in München (FH),Fachhochschulen (ohne VerwFH),Bayern,Privat
"Hochschule für angewandtes Management, Ismaning (FH)",Fachhochschulen (ohne VerwFH),Bayern,Privat
Internationale Hochschule SDI München-Hochschule für angewandte Wissenschaften (FH),Fachhochschulen (ohne VerwFH),Bayern,Privat
"Hochschule Macromedia für angewandte Wissenschaften Stuttgart, Campus München (FH)",Fachhochschulen (ohne VerwFH),Bayern,Privat
Munich Business School München (FH),Fachhochschulen (ohne VerwFH),Bayern,Privat
"SRH Wilhelm Löhe Hochschule, Fürth (FH)",Fachhochschulen (ohne VerwFH),Bayern,Privat
Deutsche Hochschule für Gesundheit und Sport Berlin in Ismaning (FH),Fachhochschulen (ohne VerwFH),Bayern,Privat
HSD Hochschule Döpfer Köln in Regensburg (FH),Fachhochschulen (ohne VerwFH),Bayern,Privat
Evang. Hochschule Nürnberg (FH),Fachhochschulen (ohne VerwFH),Bayern,Kirchlich
Katholische Stiftungshochschule München in Benediktbeuern (FH),Fachhochschulen (ohne VerwFH),Bayern,Kirchlich
Katholische Stiftungshochschule München in München (FH),Fachhochschulen (ohne VerwFH),Bayern,Kirchlich
IU Internationale Hochschule Erfurt in Bad Reichenhall (FH),Fachhochschulen (ohne VerwFH),Bayern,Privat
IU Internationale Hochschule Erfurt in München (FH),Fachhochschulen (ohne VerwFH),Bayern,Privat
IU Internationale Hochschule Erfurt in Nürnberg (FH),Fachhochschulen (ohne VerwFH),Bayern,Privat
International School of Management Dortmund in München (FH),Fachhochschulen (ohne VerwFH),Bayern,Privat
Alice Salomon Hochschule Berlin (FH),Fachhochschulen (ohne VerwFH),Berlin,Land
Berliner Hochschule für Technik (FH),Fachhochschulen (ohne VerwFH),Berlin,Land
H für Technik und Wirtschaft Berlin (FH),Fachhochschulen (ohne VerwFH),Berlin,Land
"HWR Berlin, Fachbereich Wirtschaft (FH)",Fachhochschulen (ohne VerwFH),Berlin,Land
"HWR Berlin, Fachbereich  Duales Studium (FH)",Fachhochschulen (ohne VerwFH),Berlin,Land
"HWR Berlin, Fachbereich Verwaltung, Recht, Polizei (FH)",Fachhochschulen (ohne VerwFH),Berlin,Land
Touro College Berlin (FH),Fachhochschulen (ohne VerwFH),Berlin,Privat
BSP Business and Law School - Hochschule für Management und Recht Berlin in Berlin (FH),Fachhochschulen (ohne VerwFH),Berlin,Privat
bbw Hochschule Berlin (FH),Fachhochschulen (ohne VerwFH),Berlin,Privat
Akkon Hochschule Berlin (FH),Fachhochschulen (ohne VerwFH),Berlin,Privat
"Hochschule Macromedia für angewandte Wissenschaften Stuttgart, Campus Berlin (FH)",Fachhochschulen (ohne VerwFH),Berlin,Privat
"Medical School Berlin, H für Gesundheit und Medizin (FH)",Fachhochschulen (ohne VerwFH),Berlin,Privat
Digital Business University Berlin (FH),Fachhochschulen (ohne VerwFH),Berlin,Privat
IB Hochschule für Gesundheit und Soziales Berlin in Berlin (FH),Fachhochschulen (ohne VerwFH),Berlin,Privat
"H für Medien, Kommunikation und Wirtschaft Berlin in Berlin (FH)",Fachhochschulen (ohne VerwFH),Berlin,Privat
EBC Euro Business College Hamburg Campus Berlin (FH),Fachhochschulen (ohne VerwFH),Berlin,Privat
H für Ökonomie und Management Essen in Berlin (FH),Fachhochschulen (ohne VerwFH),Berlin,Privat
Deutsche Hochschule für Gesundheit und Sport Berlin in Berlin (FH),Fachhochschulen (ohne VerwFH),Berlin,Privat
Mediadesign Hochschule Berlin in Berlin (FH),Fachhochschulen (ohne VerwFH),Berlin,Privat
FH des Mittelstandes (FHM) in Berlin (FH),Fachhochschulen (ohne VerwFH),Berlin,Privat
SRH Berlin University of Applied Sciences in Berlin (FH),Fachhochschulen (ohne VerwFH),Berlin,Privat
CODE University of Applied Sciences Berlin (FH),Fachhochschulen (ohne VerwFH),Berlin,Privat
International School of Management Dortmund in Berlin (FH),Fachhochschulen (ohne VerwFH),Berlin,Privat
Hochschule für angewandte Pädagogik Berlin (FH),Fachhochschulen (ohne VerwFH),Berlin,Privat
VICTORIA - Internationale Hochschule Berlin in Berlin (FH),Fachhochschulen (ohne VerwFH),Berlin,Privat
Berlin International University of Applied Sciences (FH),Fachhochschulen (ohne VerwFH),Berlin,Privat
DEKRA Hochschule für Medien Berlin (FH),Fachhochschulen (ohne VerwFH),Berlin,Privat
Quadriga Hochschule Berlin (FH),Fachhochschulen (ohne VerwFH),Berlin,Privat
Hochschule Fresenius Idstein in Berlin (FH),Fachhochschulen (ohne VerwFH),Berlin,Privat
Evangelische Hochschule Berlin (FH),Fachhochschulen (ohne VerwFH),Berlin,Kirchlich
University of Europe for Applied Sciences Potsdam in Berlin (FH),Fachhochschulen (ohne VerwFH),Berlin,Privat
IU Internationale Hochschule Erfurt in Berlin (FH),Fachhochschulen (ohne VerwFH),Berlin,Privat
Katholische Hochschule für Sozialwesen Berlin (FH),Fachhochschulen (ohne VerwFH),Berlin,Kirchlich
Technische Hochschule Brandenburg (FH),Fachhochschulen (ohne VerwFH),Brandenburg,Land
Hochschule für nachhaltige Entwicklung Eberswalde (FH),Fachhochschulen (ohne VerwFH),Brandenburg,Land
FH Potsdam,Fachhochschulen (ohne VerwFH),Brandenburg,Land
Fachhochschule für Sport und Management Potsdam (FH),Fachhochschulen (ohne VerwFH),Brandenburg,Privat
Technische Hochschule Wildau (FH),Fachhochschulen (ohne VerwFH),Brandenburg,Land
Theologische Hochschule Elstal (FH),Fachhochschulen (ohne VerwFH),Brandenburg,Kirchlich
Fachhochschule Clara Hoffbauer Potsdam (FH),Fachhochschulen (ohne VerwFH),Brandenburg,Privat
University of Europe for Applied Sciences Potsdam in Potsdam (FH),Fachhochschulen (ohne VerwFH),Brandenburg,Privat
XU Exponential University Potsdam (FH),Fachhochschulen (ohne VerwFH),Brandenburg,Privat
GISMA Business School Potsdam (FH),Fachhochschulen (ohne VerwFH),Brandenburg,Privat
H Bremen (FH),Fachhochschulen (ohne VerwFH),Bremen,Land
H Bremerhaven (FH),Fachhochschulen (ohne VerwFH),Bremen,Land
APOLLON H der Gesundheitswirtschaft Bremen (FH),Fachhochschulen (ohne VerwFH),Bremen,Privat
Internationale Hochschule Erfurt in Bremen (FH),Fachhochschulen (ohne VerwFH),Bremen,Privat
H für Ökonomie und Management Essen in Bremen (FH),Fachhochschulen (ohne VerwFH),Bremen,Privat
H für Angewandte Wissenschaften Hamburg (FH),Fachhochschulen (ohne VerwFH),Hamburg,Land
Berufliche Hochschule Hamburg (FH),Fachhochschulen (ohne VerwFH),Hamburg,Land
Europ. Fern-H Hamburg GmbH Hamburg (FH),Fachhochschulen (ohne VerwFH),Hamburg,Privat
HFH Hamburger Fern-H (FH),Fachhochschulen (ohne VerwFH),Hamburg,Privat
HSBA Hamburg School of Business Admin. (FH),Fachhochschulen (ohne VerwFH),Hamburg,Privat
"Evang. H für Soziale Arbeit und Diakonie, Hamburg (FH)",Fachhochschulen (ohne VerwFH),Hamburg,Kirchlich
EBC Euro Business College Hamburg Campus Hamburg (FH),Fachhochschulen (ohne VerwFH),Hamburg,Privat
Northern Business School Hamburg (FH),Fachhochschulen (ohne VerwFH),Hamburg,Privat
Hochschule Fresenius Idstein in Hamburg (FH),Fachhochschulen (ohne VerwFH),Hamburg,Privat
Brand University Hamburg (FH),Fachhochschulen (ohne VerwFH),Hamburg,Privat
International School of Management Dortmund in Hamburg (FH),Fachhochschulen (ohne VerwFH),Hamburg,Privat
MSH Medical School Hamburg (FH),Fachhochschulen (ohne VerwFH),Hamburg,Privat
SRH Berlin University of Applied Sciences in Hamburg (FH),Fachhochschulen (ohne VerwFH),Hamburg,Privat
H für Ökonomie und Management Essen in Hamburg (FH),Fachhochschulen (ohne VerwFH),Hamburg,Privat
BSP Business and Law School - Hochschule für Management und Recht Berlin in Hamburg (FH),Fachhochschulen (ohne VerwFH),Hamburg,Privat
IB Hochschule für Gesundheit und Soziales Berlin in Hamburg (FH),Fachhochschulen (ohne VerwFH),Hamburg,Privat
University of Europe for Applied Sciences Potsdam in Hamburg (FH),Fachhochschulen (ohne VerwFH),Hamburg,Privat
"Hochschule Macromedia für angewandte Wissenschaften Stuttgart, Campus Hamburg (FH)",Fachhochschulen (ohne VerwFH),Hamburg,Privat
IU Internationale Hochschule Erfurt in Hamburg (FH),Fachhochschulen (ohne VerwFH),Hamburg,Privat
h_da - H Darmstadt in Darmstadt (FH),Fachhochschulen (ohne VerwFH),Hessen,Land
h_da - H Darmstadt in Dieburg (FH),Fachhochschulen (ohne VerwFH),Hessen,Land
Frankfurt University of Applied Sciences (FH),Fachhochschulen (ohne VerwFH),Hessen,Land
Hochschule Fulda (FH),Fachhochschulen (ohne VerwFH),Hessen,Land
Technische Hochschule Mittelhessen (THM) in Friedberg (FH),Fachhochschulen (ohne VerwFH),Hessen,Land
Technische Hochschule Mittelhessen (THM) in Gießen (FH),Fachhochschulen (ohne VerwFH),Hessen,Land
Technische Hochschule Mittelhessen (THM) in Wetzlar (FH),Fachhochschulen (ohne VerwFH),Hessen,Land
Hochschule RheinMain (FH) in Rüsselsheim,Fachhochschulen (ohne VerwFH),Hessen,Land
Hochschule RheinMain (FH) in Wiesbaden,Fachhochschulen (ohne VerwFH),Hessen,Land
Hochschule Geisenheim University (FH),Fachhochschulen (ohne VerwFH),Hessen,Land
"H der Deutschen Gesetzl. Unfallversicherung, Bad Hersfeld (FH)",Fachhochschulen (ohne VerwFH),Hessen,Privat
accadis Hochschule Bad Homburg (FH),Fachhochschulen (ohne VerwFH),Hessen,Privat
Wilhelm Büchner Hochschule Darmstadt (Fern-FH),Fern-Fachhochschule,Hessen,Privat
"Provadis School of Intern. Management and Technology, Frankfurt a.M. (FH)",Fachhochschulen (ohne VerwFH),Hessen,Privat
Hochschule Fresenius Idstein in Idstein (FH),Fachhochschulen (ohne VerwFH),Hessen,Privat
Hochschule Fresenius Idstein in Frankfurt (FH),Fachhochschulen (ohne VerwFH),Hessen,Privat
Hochschule Fresenius Idstein in Wiesbaden (FH),Fachhochschulen (ohne VerwFH),Hessen,Privat
UoL-University of Labour Frankfurt (FH),Fachhochschulen (ohne VerwFH),Hessen,Privat
DIPLOMA - FH Nordhessen in Bad Sooden-Allendorf (FH),Fachhochschulen (ohne VerwFH),Hessen,Privat
DIPLOMA - FH Nordhessen in Kassel (FH),Fachhochschulen (ohne VerwFH),Hessen,Privat
"H für Medien, Kommunikation und Wirtschaft Berlin in Frankfurt (FH)",Fachhochschulen (ohne VerwFH),Hessen,Privat
"Evangelische Hochschule Darmstadt (EHD), (FH)",Fachhochschulen (ohne VerwFH),Hessen,Kirchlich
Evangelische Hochschule Darmstadt (EHD) in Darmstadt (FH),Fachhochschulen (ohne VerwFH),Hessen,Kirchlich
Evangelische Hochschule Darmstadt (EHD) in Schwalmstadt (FH),Fachhochschulen (ohne VerwFH),Hessen,Kirchlich
CVJM-Hochschule Kassel (FH),Fachhochschulen (ohne VerwFH),Hessen,Privat
Promotionszentrum Soziale Arbeit,Unknown,Hessen,Land
Promotionszentrum Angewandte Informatik,Unknown,Hessen,Land
H für Ökonomie und Management Essen in Kassel (FH),Fachhochschulen (ohne VerwFH),Hessen,Privat
H für Ökonomie und Management Essen in Frankfurt (FH),Fachhochschulen (ohne VerwFH),Hessen,Privat
"Hochschule Macromedia für angewandte Wissenschaften Stuttgart, Campus Frankfurt a. M. (FH)",Fachhochschulen (ohne VerwFH),Hessen,Privat
International School of Management Dortmund in Frankfurt (FH),Fachhochschulen (ohne VerwFH),Hessen,Privat
IU Internationale Hochschule Erfurt in Frankfurt (FH),Fachhochschulen (ohne VerwFH),Hessen,Privat
Hochschule Neubrandenburg (FH),Fachhochschulen (ohne VerwFH),Mecklenburg-Vorp.,Land
Hochschule Stralsund (FH),Fachhochschulen (ohne VerwFH),Mecklenburg-Vorp.,Land
Hochschule Wismar (FH),Fachhochschulen (ohne VerwFH),Mecklenburg-Vorp.,Land
Hochschule der Bundesagentur für Arbeit in Schwerin (FH),Fachhochschulen (ohne VerwFH),Mecklenburg-Vorp.,Bund
FH des Mittelstandes (FHM) in Rostock (FH),Fachhochschulen (ohne VerwFH),Mecklenburg-Vorp.,Privat
FH des Mittelstandes (FHM) in Schwerin (FH),Fachhochschulen (ohne VerwFH),Mecklenburg-Vorp.,Privat
Europäische FH (EUFH) in Rostock (FH),Fachhochschulen (ohne VerwFH),Mecklenburg-Vorp.,Privat
Hochschule Braunschweig-Wolfenbüttel in Salzgitter (FH),Fachhochschulen (ohne VerwFH),Niedersachsen,Land
Hochschule Braunschweig-Wolfenbüttel in Wolfenbüttel (FH),Fachhochschulen (ohne VerwFH),Niedersachsen,Land
Hochschule  Braunschweig-Wolfenbüttel in Wolfsburg (FH),Fachhochschulen (ohne VerwFH),Niedersachsen,Land
Hochschule Braunschweig-Wolfenbüttel in Suderburg (FH),Fachhochschulen (ohne VerwFH),Niedersachsen,Land
Hochschule Emden/Leer in Emden (FH),Fachhochschulen (ohne VerwFH),Niedersachsen,Land
Hochschule Emden/Leer in Leer (FH),Fachhochschulen (ohne VerwFH),Niedersachsen,Land
Hochschule Hannover (FH),Fachhochschulen (ohne VerwFH),Niedersachsen,Land
"Hochschule Weserbergland (HSW), Hameln (FH)",Fachhochschulen (ohne VerwFH),Niedersachsen,Privat
Hochschule Hildesheim/Holzminden/Göttingen in Göttingen (FH),Fachhochschulen (ohne VerwFH),Niedersachsen,Land
Hochschule Hildesheim/Holzminden/Göttingen in Hildesheim (FH),Fachhochschulen (ohne VerwFH),Niedersachsen,Land
Hochschule Hildesheim/Holzminden/Göttingen in Holzminden (FH),Fachhochschulen (ohne VerwFH),Niedersachsen,Land
Hochschule Wilhelmshaven/Oldenburg/Elsfleth in Elsfleth (FH),Fachhochschulen (ohne VerwFH),Niedersachsen,Land
Hochschule Wilhelmshaven/Oldenburg/Elsfleth in Oldenburg (FH),Fachhochschulen (ohne VerwFH),Niedersachsen,Land
Hochschule Wilhelmshaven/Oldenburg/Elsfleth in Wilhelmshaven (FH),Fachhochschulen (ohne VerwFH),Niedersachsen,Land
Hochschule Osnabrück in Osnabrück (FH),Fachhochschulen (ohne VerwFH),Niedersachsen,Land
Hochschule Osnabrück in Lingen (FH),Fachhochschulen (ohne VerwFH),Niedersachsen,Land
"Hochschule21, Buxtehude (FH)",Fachhochschulen (ohne VerwFH),Niedersachsen,Privat
FH für Interkulturelle Theologie Hermannsburg (FH),Fachhochschulen (ohne VerwFH),Niedersachsen,Privat
Hochschule Göttingen (FH),Fachhochschulen (ohne VerwFH),Niedersachsen,Privat
Fachhochschule für die Wirtschaft Hannover (FHDW) (FH),Fachhochschulen (ohne VerwFH),Niedersachsen,Privat
H für Ökonomie und Management Essen in Hannover (FH),Fachhochschulen (ohne VerwFH),Niedersachsen,Privat
FH des Mittelstandes (FHM) in Hannover (FH),Fachhochschulen (ohne VerwFH),Niedersachsen,Privat
FH Ottersberg (FH),Fachhochschulen (ohne VerwFH),Niedersachsen,Privat
H für Wirtschaft und Technik Vechta/Diepholz in Diepholz (FH),Fachhochschulen (ohne VerwFH),Niedersachsen,Privat
H für Wirtschaft und Technik Vechta/Diepholz in Vechta (FH),Fachhochschulen (ohne VerwFH),Niedersachsen,Privat
Leibniz - Fachhochschule Hannover (FH),Fachhochschulen (ohne VerwFH),Niedersachsen,Privat
FH Aachen in Aachen,Fachhochschulen (ohne VerwFH),Nordrhein-Westfalen,Land
FH Aachen in Jülich,Fachhochschulen (ohne VerwFH),Nordrhein-Westfalen,Land
FH Bielefeld in Bielefeld,Fachhochschulen (ohne VerwFH),Nordrhein-Westfalen,Land
FH Bielefeld in Minden,Fachhochschulen (ohne VerwFH),Nordrhein-Westfalen,Land
FH Bielefeld in Gütersloh,Fachhochschulen (ohne VerwFH),Nordrhein-Westfalen,Land
Hochschule Bochum (FH) in Bochum,Fachhochschulen (ohne VerwFH),Nordrhein-Westfalen,Land
Hochschule Bochum (FH) in Velbert/Heiligenhaus,Fachhochschulen (ohne VerwFH),Nordrhein-Westfalen,Land
Hochschule für Gesundheit Bochum (FH),Fachhochschulen (ohne VerwFH),Nordrhein-Westfalen,Land
H Bonn-Rhein-Sieg in Rheinbach (FH),Fachhochschulen (ohne VerwFH),Nordrhein-Westfalen,Land
H Bonn-Rhein-Sieg in Sankt Augustin (FH),Fachhochschulen (ohne VerwFH),Nordrhein-Westfalen,Land
H Bonn-Rhein-Sieg in Hennef (FH),Fachhochschulen (ohne VerwFH),Nordrhein-Westfalen,Land
FH Dortmund,Fachhochschulen (ohne VerwFH),Nordrhein-Westfalen,Land
H Düsseldorf (FH),Fachhochschulen (ohne VerwFH),Nordrhein-Westfalen,Land
Westfälische H in Gelsenkirchen/Bocholt/Recklinghausen (FH) in Bocholt,Fachhochschulen (ohne VerwFH),Nordrhein-Westfalen,Land
Westfälische H in Gelsenkirchen/Bocholt/Recklinghausen (FH) in Gelsenkirchen,Fachhochschulen (ohne VerwFH),Nordrhein-Westfalen,Land
Westfälische H in Gelsenkirchen/Bocholt/Recklinghausen (FH) in Recklinghausen,Fachhochschulen (ohne VerwFH),Nordrhein-Westfalen,Land
H Hamm-Lippstadt in Hamm (FH),Fachhochschulen (ohne VerwFH),Nordrhein-Westfalen,Land
H Hamm-Lippstadt in Lippstadt (FH),Fachhochschulen (ohne VerwFH),Nordrhein-Westfalen,Land
Technische Hochschule Köln (FH) in Gummersbach,Fachhochschulen (ohne VerwFH),Nordrhein-Westfalen,Land
Technische Hochschule Köln (FH) in Köln,Fachhochschulen (ohne VerwFH),Nordrhein-Westfalen,Land
Technische Hochschule Köln (FH) in Leverkusen,Fachhochschulen (ohne VerwFH),Nordrhein-Westfalen,Land
TH Ostwestfalen-Lippe in Lemgo/Detmold/Höxter in Detmold (FH),Fachhochschulen (ohne VerwFH),Nordrhein-Westfalen,Land
TH Ostwestfalen-Lippe in Lemgo/Detmold/Höxter in Höxter (FH),Fachhochschulen (ohne VerwFH),Nordrhein-Westfalen,Land
TH Ostwestfalen-Lippe in Lemgo/Detmold/Höxter in Lemgo (FH),Fachhochschulen (ohne VerwFH),Nordrhein-Westfalen,Land
FH Münster in Münster,Fachhochschulen (ohne VerwFH),Nordrhein-Westfalen,Land
FH Münster in Steinfurt,Fachhochschulen (ohne VerwFH),Nordrhein-Westfalen,Land
H Niederrhein in Krefeld (FH),Fachhochschulen (ohne VerwFH),Nordrhein-Westfalen,Land
H Niederrhein in Mönchengladbach (FH),Fachhochschulen (ohne VerwFH),Nordrhein-Westfalen,Land
H Rhein-Waal in Kleve (FH),Fachhochschulen (ohne VerwFH),Nordrhein-Westfalen,Land
H Rhein-Waal in Kamp-Lintfort (FH),Fachhochschulen (ohne VerwFH),Nordrhein-Westfalen,Land
FH Südwestfalen in Hagen,Fachhochschulen (ohne VerwFH),Nordrhein-Westfalen,Land
FH Südwestfalen in Iserlohn,Fachhochschulen (ohne VerwFH),Nordrhein-Westfalen,Land
FH Südwestfalen in Meschede,Fachhochschulen (ohne VerwFH),Nordrhein-Westfalen,Land
FH Südwestfalen in Soest,Fachhochschulen (ohne VerwFH),Nordrhein-Westfalen,Land
H Ruhr-West (FH) in Bottrop,Fachhochschulen (ohne VerwFH),Nordrhein-Westfalen,Land
H Ruhr-West (FH) in Mülheim,Fachhochschulen (ohne VerwFH),Nordrhein-Westfalen,Land
IU Internationale Hochschule Erfurt in Bad Honnef (FH),Fachhochschulen (ohne VerwFH),Nordrhein-Westfalen,Privat
IU Internationale Hochschule Erfurt in Dortmund (FH),Fachhochschulen (ohne VerwFH),Nordrhein-Westfalen,Privat
IU Internationale Hochschule Erfurt in Düsseldorf (FH),Fachhochschulen (ohne VerwFH),Nordrhein-Westfalen,Privat
IB Hochschule für Gesundheit und Soziales Berlin in Köln (FH),Fachhochschulen (ohne VerwFH),Nordrhein-Westfalen,Privat
Mediadesign Hochschule Berlin in Düsseldorf (FH),Fachhochschulen (ohne VerwFH),Nordrhein-Westfalen,Privat
FH des Mittelstandes (FHM) in Bielefeld (FH),Fachhochschulen (ohne VerwFH),Nordrhein-Westfalen,Privat
FH des Mittelstandes (FHM) in Köln (FH),Fachhochschulen (ohne VerwFH),Nordrhein-Westfalen,Privat
FH des Mittelstandes (FHM) in Frechen (FH),Fachhochschulen (ohne VerwFH),Nordrhein-Westfalen,Privat
Fliedner Fachhochschule Düsseldorf (FH),Fachhochschulen (ohne VerwFH),Nordrhein-Westfalen,Privat
"Kolping H, Köln (FH)",Fachhochschulen (ohne VerwFH),Nordrhein-Westfalen,Privat
TH Georg Agricola Bochum (FH),Fachhochschulen (ohne VerwFH),Nordrhein-Westfalen,Privat
EBZ Business School Bochum (FH),Fachhochschulen (ohne VerwFH),Nordrhein-Westfalen,Privat
H für Finanzwirtschaft & Management Bonn (FH),Fachhochschulen (ohne VerwFH),Nordrhein-Westfalen,Privat
Europäische FH (EUFH) in Brühl (FH),Fachhochschulen (ohne VerwFH),Nordrhein-Westfalen,Privat
Europäische FH (EUFH) in Neuss (FH),Fachhochschulen (ohne VerwFH),Nordrhein-Westfalen,Privat
Europäische FH (EUFH) in Köln (FH),Fachhochschulen (ohne VerwFH),Nordrhein-Westfalen,Privat
Europäische FH (EUFH) in Rheine (FH),Fachhochschulen (ohne VerwFH),Nordrhein-Westfalen,Privat
International School of Management Dortmund in Dortmund (FH),Fachhochschulen (ohne VerwFH),Nordrhein-Westfalen,Privat
International School of Management Dortmund in Köln (FH),Fachhochschulen (ohne VerwFH),Nordrhein-Westfalen,Privat
praxisHochschule Köln in Köln (FH),Fachhochschulen (ohne VerwFH),Nordrhein-Westfalen,Privat
praxisHochschule Köln in Rheine (FH),Fachhochschulen (ohne VerwFH),Nordrhein-Westfalen,Privat
H für Ökonomie und Management Essen (FH),Fachhochschulen (ohne VerwFH),Nordrhein-Westfalen,Privat
H für Ökonomie und Management Essen in Arnsberg (FH),Fachhochschulen (ohne VerwFH),Nordrhein-Westfalen,Privat
H für Ökonomie und Management Essen in Aachen (FH),Fachhochschulen (ohne VerwFH),Nordrhein-Westfalen,Privat
H für Ökonomie und Management Essen in Bochum (FH),Fachhochschulen (ohne VerwFH),Nordrhein-Westfalen,Privat
H für Ökonomie und Management Essen in Bonn (FH),Fachhochschulen (ohne VerwFH),Nordrhein-Westfalen,Privat
H für Ökonomie und Management Essen in Bönen (FH),Fachhochschulen (ohne VerwFH),Nordrhein-Westfalen,Privat
H für Ökonomie und Management Essen in Dortmund (FH),Fachhochschulen (ohne VerwFH),Nordrhein-Westfalen,Privat
H für Ökonomie und Management Essen in Düsseldorf (FH),Fachhochschulen (ohne VerwFH),Nordrhein-Westfalen,Privat
H für Ökonomie und Management Essen in Duisburg (FH),Fachhochschulen (ohne VerwFH),Nordrhein-Westfalen,Privat
H für Ökonomie und Management Essen in Essen (FH),Fachhochschulen (ohne VerwFH),Nordrhein-Westfalen,Privat
H für Ökonomie und Management Essen in Gütersloh (FH),Fachhochschulen (ohne VerwFH),Nordrhein-Westfalen,Privat
H für Ökonomie und Management Essen in Hagen (FH),Fachhochschulen (ohne VerwFH),Nordrhein-Westfalen,Privat
H für Ökonomie und Management Essen in Köln (FH),Fachhochschulen (ohne VerwFH),Nordrhein-Westfalen,Privat
H für Ökonomie und Management Essen in Marl (FH),Fachhochschulen (ohne VerwFH),Nordrhein-Westfalen,Privat
H für Ökonomie und Management Essen in Münster (FH),Fachhochschulen (ohne VerwFH),Nordrhein-Westfalen,Privat
H für Ökonomie und Management Essen in Neuss (FH),Fachhochschulen (ohne VerwFH),Nordrhein-Westfalen,Privat
H für Ökonomie und Management Essen in Siegen (FH),Fachhochschulen (ohne VerwFH),Nordrhein-Westfalen,Privat
H für Ökonomie und Management Essen in Wesel (FH),Fachhochschulen (ohne VerwFH),Nordrhein-Westfalen,Privat
H für Ökonomie und Management Essen in Wuppertal (FH),Fachhochschulen (ohne VerwFH),Nordrhein-Westfalen,Privat
EBC Euro Business College Hamburg Campus Düsseldorf (FH),Fachhochschulen (ohne VerwFH),Nordrhein-Westfalen,Privat
IST-Hochschule für Management Düsseldorf (FH),Fachhochschulen (ohne VerwFH),Nordrhein-Westfalen,Privat
SRH Hochschule Nordrhein-Westfalen Hamm in Hamm (FH),Fachhochschulen (ohne VerwFH),Nordrhein-Westfalen,Privat
SRH Hochschule Nordrhein-Westfalen Hamm in Leverkusen (FH),Fachhochschulen (ohne VerwFH),Nordrhein-Westfalen,Privat
"Hochschule Macromedia für angewandte Wissenschaften Stuttgart, Campus Köln (FH)",Fachhochschulen (ohne VerwFH),Nordrhein-Westfalen,Privat
University of Europe for Applied Sciences Potsdam in Iserlohn (FH),Fachhochschulen (ohne VerwFH),Nordrhein-Westfalen,Privat
"CBS International Business School, Campus Köln (FH)",Fachhochschulen (ohne VerwFH),Nordrhein-Westfalen,Privat
Hochschule Fresenius Idstein in Köln (FH),Fachhochschulen (ohne VerwFH),Nordrhein-Westfalen,Privat
Hochschule Fresenius Idstein in Düsseldorf (FH),Fachhochschulen (ohne VerwFH),Nordrhein-Westfalen,Privat
Deutsche Hochschule für Gesundheit und Sport Berlin in Unna (FH),Fachhochschulen (ohne VerwFH),Nordrhein-Westfalen,Privat
Rheinische FH Köln in Köln (FH),Fachhochschulen (ohne VerwFH),Nordrhein-Westfalen,Privat
Rheinische FH Köln in Neuss (FH),Fachhochschulen (ohne VerwFH),Nordrhein-Westfalen,Privat
HSD Hochschule Döpfer Köln in Köln (FH),Fachhochschulen (ohne VerwFH),Nordrhein-Westfalen,Privat
FH der Wirtschaft Paderborn in Bergisch-Gladbach (FH),Fachhochschulen (ohne VerwFH),Nordrhein-Westfalen,Privat
FH der Wirtschaft Paderborn in Bielefeld (FH),Fachhochschulen (ohne VerwFH),Nordrhein-Westfalen,Privat
FH der Wirtschaft Paderborn in Paderborn (FH),Fachhochschulen (ohne VerwFH),Nordrhein-Westfalen,Privat
FH der Wirtschaft Paderborn in Mettmann (FH),Fachhochschulen (ohne VerwFH),Nordrhein-Westfalen,Privat
"H für Medien, Kommunikation und Wirtschaft Berlin in Köln (FH)",Fachhochschulen (ohne VerwFH),Nordrhein-Westfalen,Privat
FH der Diakonie Bielefeld-Bethel (FH),Fachhochschulen (ohne VerwFH),Nordrhein-Westfalen,Kirchlich
"Evang. Hochschule Rheinland-Westfalen-Lippe, Bochum (FH)",Fachhochschulen (ohne VerwFH),Nordrhein-Westfalen,Kirchlich
Kath. Hochschule Nordrhein-Westfalen in Aachen (FH),Fachhochschulen (ohne VerwFH),Nordrhein-Westfalen,Kirchlich
Kath. Hochschule Nordrhein-Westfalen in Köln (FH),Fachhochschulen (ohne VerwFH),Nordrhein-Westfalen,Kirchlich
Kath. Hochschule Nordrhein-Westfalen in Münster (FH),Fachhochschulen (ohne VerwFH),Nordrhein-Westfalen,Kirchlich
Kath. Hochschule Nordrhein-Westfalen in Paderborn (FH),Fachhochschulen (ohne VerwFH),Nordrhein-Westfalen,Kirchlich
Technische Hochschule Bingen (FH),Fachhochschulen (ohne VerwFH),Rheinland-Pfalz,Land
Hochschule Kaiserslautern in Kaiserslautern (FH),Fachhochschulen (ohne VerwFH),Rheinland-Pfalz,Land
Hochschule Kaiserslautern in Pirmasens (FH),Fachhochschulen (ohne VerwFH),Rheinland-Pfalz,Land
Hochschule Kaiserslautern in Zweibrücken (FH),Fachhochschulen (ohne VerwFH),Rheinland-Pfalz,Land
Hochschule Koblenz (FH) in Höhr-Grenzhausen,Fachhochschulen (ohne VerwFH),Rheinland-Pfalz,Land
Hochschule Koblenz (FH) in Koblenz,Fachhochschulen (ohne VerwFH),Rheinland-Pfalz,Land
Hochschule Koblenz (FH) in Remagen,Fachhochschulen (ohne VerwFH),Rheinland-Pfalz,Land
Hochschule für Wirtschaft und Gesellschaft Ludwigshafen (FH),Fachhochschulen (ohne VerwFH),Rheinland-Pfalz,Land
Hochschule Mainz (FH),Fachhochschulen (ohne VerwFH),Rheinland-Pfalz,Land
Hochschule Trier (FH) in Birkenfeld,Fachhochschulen (ohne VerwFH),Rheinland-Pfalz,Land
Hochschule Trier (FH) in Idar-Oberstein,Fachhochschulen (ohne VerwFH),Rheinland-Pfalz,Land
Hochschule Trier (FH) in Trier,Fachhochschulen (ohne VerwFH),Rheinland-Pfalz,Land
Hochschule Worms (FH),Fachhochschulen (ohne VerwFH),Rheinland-Pfalz,Land
Katholische Hochschule Mainz (FH),Fachhochschulen (ohne VerwFH),Rheinland-Pfalz,Kirchlich
Cusanus Hochschule für Gesellschaftsgestaltung Bernkastel-Kues (FH),Fachhochschulen (ohne VerwFH),Rheinland-Pfalz,Privat
"CBS International Business School, Campus Mainz (FH)",Fachhochschulen (ohne VerwFH),Rheinland-Pfalz,Privat
H für Technik und Wirtschaft des Saarlandes Saarbrücken (FH),Fachhochschulen (ohne VerwFH),Saarland,Land
"Deutsche Hochschule für Prävention und Gesundheitsmanagement, Saarbrücken (FH)",Fachhochschulen (ohne VerwFH),Saarland,Privat
H für Ökonomie und Management Essen in Saarbrücken (FH),Fachhochschulen (ohne VerwFH),Saarland,Privat
"H für Technik und Wirtschaft Dresden, Hochschule für angewandte Wissenschaften (FH)",Fachhochschulen (ohne VerwFH),Sachsen,Land
"H für Technik, Wirtschaft und Kultur Leipzig, Hochschule für angewandte Wissenschaften (FH)",Fachhochschulen (ohne VerwFH),Sachsen,Land
"H Mittweida (University of Applied Sciences), Hochschule für angewandte Wissenschaften (FH)",Fachhochschulen (ohne VerwFH),Sachsen,Land
"H Zittau/Görlitz, Hochschule für angewandte Wissenschaften (FH)",Fachhochschulen (ohne VerwFH),Sachsen,Land
"H Zittau/Görlitz in Görlitz, Hochschule für angewandte Wissenschaften (FH)",Fachhochschulen (ohne VerwFH),Sachsen,Land
"H Zittau/Görlitz in Zittau, Hochschule für angewandte Wissenschaften (FH)",Fachhochschulen (ohne VerwFH),Sachsen,Land
"Westsächsische H Zwickau, Hochschule für angewandte Wissenschaften (FH)",Fachhochschulen (ohne VerwFH),Sachsen,Land
"Westsächsische H Zwickau in Reichenbach, Hochschule für angewandte Wissenschaften (FH)",Fachhochschulen (ohne VerwFH),Sachsen,Land
"Westsächsische H Zwickau in Schneeberg, Hochschule für angewandte Wissenschaften (FH)",Fachhochschulen (ohne VerwFH),Sachsen,Land
"Westsächsische H Zwickau in Zwickau, Hochschule für angewandte Wissenschaften (FH)",Fachhochschulen (ohne VerwFH),Sachsen,Land
"Hochschule Macromedia für angewandte Wissenschaften Stuttgart, Campus Leipzig (FH)",Fachhochschulen (ohne VerwFH),Sachsen,Privat
IU Internationale Hochschule Erfurt in Leipzig (FH),Fachhochschulen (ohne VerwFH),Sachsen,Privat
Hochschule für Telekommunikation Leipzig (FH),Fachhochschulen (ohne VerwFH),Sachsen,Privat
H für Ökonomie und Management Essen in Leipzig (FH),Fachhochschulen (ohne VerwFH),Sachsen,Privat
SRH Berlin University of Applied Sciences in Dresden (FH),Fachhochschulen (ohne VerwFH),Sachsen,Privat
Evangelische Hochschule Dresden in Dresden (FH),Fachhochschulen (ohne VerwFH),Sachsen,Kirchlich
Evangelische Hochschule Dresden in Moritzburg (FH),Fachhochschulen (ohne VerwFH),Sachsen,Kirchlich
Fachhochschule Dresden (FH),Fachhochschulen (ohne VerwFH),Sachsen,Privat
H Anhalt in Bernburg (FH),Fachhochschulen (ohne VerwFH),Sachsen-Anhalt,Land
H Anhalt in Dessau (FH),Fachhochschulen (ohne VerwFH),Sachsen-Anhalt,Land
H Anhalt in Köthen (FH),Fachhochschulen (ohne VerwFH),Sachsen-Anhalt,Land
H Harz in Halberstadt (FH),Fachhochschulen (ohne VerwFH),Sachsen-Anhalt,Land
H Harz in Wernigerode (FH),Fachhochschulen (ohne VerwFH),Sachsen-Anhalt,Land
H Magdeburg-Stendal in Magdeburg (FH),Fachhochschulen (ohne VerwFH),Sachsen-Anhalt,Land
H Magdeburg-Stendal in Stendal (FH),Fachhochschulen (ohne VerwFH),Sachsen-Anhalt,Land
Hochschule Merseburg (FH),Fachhochschulen (ohne VerwFH),Sachsen-Anhalt,Land
Hochschule Flensburg (FH),Fachhochschulen (ohne VerwFH),Schleswig-Holstein,Land
"FH Westküste, Heide",Fachhochschulen (ohne VerwFH),Schleswig-Holstein,Land
FH Kiel,Fachhochschulen (ohne VerwFH),Schleswig-Holstein,Land
Technische Hochschule Lübeck (FH),Fachhochschulen (ohne VerwFH),Schleswig-Holstein,Land
Hochschule der Wirtschaft (Nordakademie) Elmshorn (FH),Fachhochschulen (ohne VerwFH),Schleswig-Holstein,Privat
FH Wedel (FH),Fachhochschulen (ohne VerwFH),Schleswig-Holstein,Privat
"DHSH - Duale Hochschule Schleswig-Holstein, Kiel (FH)",Fachhochschulen (ohne VerwFH),Schleswig-Holstein,Privat
FH Erfurt,Fachhochschulen (ohne VerwFH),Thüringen,Land
Ernst-Abbe-Hochschule Jena (FH),Fachhochschulen (ohne VerwFH),Thüringen,Land
Hochschule Nordhausen (FH),Fachhochschulen (ohne VerwFH),Thüringen,Land
Hochschule Schmalkalden (FH),Fachhochschulen (ohne VerwFH),Thüringen,Land
SRH FH für Gesundheit Gera (FH),Fachhochschulen (ohne VerwFH),Thüringen,Privat
Duale Hochschule Gera-Eisenach in Eisenach (FH),Fachhochschulen (ohne VerwFH),Thüringen,Land
Duale Hochschule Gera-Eisenach in Gera (FH),Fachhochschulen (ohne VerwFH),Thüringen,Land
IU Internationale Hochschule Erfurt in Erfurt (FH),Fachhochschulen (ohne VerwFH),Thüringen,Privat
FH für öffentliche Verwaltung Kehl (Verw-FH),Verwaltungsfachhochschulen,Baden-Württemberg,Land
Hochschule Ludwigsburg für öffentliche Verwaltung und Finanzen  (Verw-FH),Verwaltungsfachhochschulen,Baden-Württemberg,Land
FH für Rechtspflege Schwetzingen (Verw-FH),Verwaltungsfachhochschulen,Baden-Württemberg,Land
Staatl. H für Polizei Villingen-Schwenningen (Verw-FH),Verwaltungsfachhochschulen,Baden-Württemberg,Land
"Hochschule des Bundes für öffentliche Verwaltung, FB Bundeswehrverwaltung in Mannheim",Hochschule,Baden-Württemberg,Bund
Hochschule für den öffentlichen Dienst in Bayern Standort Fürstenfeldbruck (Polizei) (Verw-FH),Verwaltungsfachhochschulen,Bayern,Land
Hochschule für den öffentlichen Dienst in Bayern Standort Herrsching (Finanzwesen) (Verw-FH),Verwaltungsfachhochschulen,Bayern,Land
Hochschule für den öffentlichen Dienst in Bayern Standort Dorfen (Sozialverwaltung) (Verw-FH),Verwaltungsfachhochschulen,Bayern,Land
Hochschule für den öffentlichen Dienst in Bayern Standort Hof (Allg. Innere Verwaltung) (Verw-FH),Verwaltungsfachhochschulen,Bayern,Land
Hochschule für den öffentlichen Dienst in Bayern Standort Kaufbeuren (Finanzwesen) (Verw-FH),Verwaltungsfachhochschulen,Bayern,Land
Hochschule für den öffentlichen Dienst in Bayern Standort München (Archiv- u. Biblioth.) (Verw-FH),Verwaltungsfachhochschulen,Bayern,Land
Hochschule für den öffentlichen Dienst in Bayern Standort Starnberg (Rechtspflege) (Verw-FH),Verwaltungsfachhochschulen,Bayern,Land
Hochschule für den öffentlichen Dienst in Bayern Standort Sulzbach-Rosenberg (Polizei) (Verw-FH),Verwaltungsfachhochschulen,Bayern,Land
Hochschule für den öffentlichen Dienst in Bayern Standort Wasserburg (Sozialverwaltung) (Verw-FH),Verwaltungsfachhochschulen,Bayern,Land
Hochschule für den öffentlichen Dienst in Bayern Standort München (Zentralverwaltung) (Verw-FH),Verwaltungsfachhochschulen,Bayern,Land
"Hochschule des Bundes für öffentliche Verwaltung, FB Auswärtige Angelegenheiten in Berlin",Hochschule,Berlin,Bund
"Hochschule des Bundes für öffentliche Verwaltung, FB Sozialversicherung in Berlin",Hochschule,Berlin,Bund
"Hochschule des Bundes für öffentliche Verwaltung, FB Nachrichtendienste in Berlin",Hochschule,Berlin,Bund
Hochschule der Polizei Brandenburg in Oranienburg (Verw-FH),Verwaltungsfachhochschulen,Brandenburg,Land
FH für Finanzen Brandenburg Königs Wusterhausen (Verw-FH),Verwaltungsfachhochschulen,Brandenburg,Land
H für öffentliche Verwaltung Bremen (Verw-FH),Verwaltungsfachhochschulen,Bremen,Land
Akademie der Polizei Hamburg (Verw-FH),Verwaltungsfachhochschulen,Hamburg,Land
Norddeutsche Akademie für Finanzen und Steuerrecht Hamburg (Verw-FH),Verwaltungsfachhochschulen,Hamburg,Land
FH für Archivwesen Marburg (Verw-FH),Verwaltungsfachhochschulen,Hessen,Land
Hessische Hochschule für Finanzen und Rechtspflege Rotenburg (Verw-FH),Verwaltungsfachhochschulen,Hessen,Land
Hessische Hochschule für Polizei und Verwaltung Wiesbaden in Gießen (Verw-FH),Verwaltungsfachhochschulen,Hessen,Land
Hessische Hochschule für Polizei und Verwaltung Wiesbaden in Kassel (Verw-FH),Verwaltungsfachhochschulen,Hessen,Land
Hessische Hochschule für Polizei und Verwaltung Wiesbaden in Mühlheim (Verw-FH),Verwaltungsfachhochschulen,Hessen,Land
Hessische Hochschule für Polizei und Verwaltung Wiesbaden in Wiesbaden (Verw-FH),Verwaltungsfachhochschulen,Hessen,Land
"Hochschule des Bundes für öffentliche Verwaltung, FB Wetterdienst in Langen",Hochschule,Hessen,Bund
"Hochschule des Bundes für öffentliche Verwaltung, FB Kriminalpolizei in Wiesbaden",Hochschule,Hessen,Bund
"Hochschule des Bundes für öffentl. Verwaltung, FB Landwirtschaftliche Sozialversicherung in Kassel",Hochschule,Hessen,Bund
"FH für öffentliche Verwaltung, Polizei und Rechtspflege in Güstrow (Verw-FH)",Verwaltungsfachhochschulen,Mecklenburg-Vorp.,Land
Norddeutsche Hochschule für Rechtspflege Hildesheim (Verw-FH),Verwaltungsfachhochschulen,Niedersachsen,Land
"Kommunale H für Verwaltung in Niedersachsen, Hannover (Verw-FH)",Verwaltungsfachhochschulen,Niedersachsen,Privat
FH für Rechtspflege NW in Bad Münstereifel (Verw-FH),Verwaltungsfachhochschulen,Nordrhein-Westfalen,Land
Hochschule für Finanzen Nordrhein-Westfalen in Nordkirchen (Verw-FH),Verwaltungsfachhochschulen,Nordrhein-Westfalen,Land
Hochschule für Polizei und öffentliche Verwaltung NW in Aachen (Verw-FH),Verwaltungsfachhochschulen,Nordrhein-Westfalen,Land
Hochschule für Polizei und öffentliche Verwaltung NW in Bielefeld (Verw-FH),Verwaltungsfachhochschulen,Nordrhein-Westfalen,Land
Hochschule für Polizei und öffentliche Verwaltung NW in Duisburg (Verw-FH),Verwaltungsfachhochschulen,Nordrhein-Westfalen,Land
Hochschule für Polizei und öffentliche Verwaltung NW in Gelsenkirchen (Verw-FH),Verwaltungsfachhochschulen,Nordrhein-Westfalen,Land
Hochschule für Polizei und öffentliche Verwaltung NW in Hagen (Verw-FH),Verwaltungsfachhochschulen,Nordrhein-Westfalen,Land
Hochschule für Polizei und öffentliche Verwaltung NW in Herne (Verw-FH),Verwaltungsfachhochschulen,Nordrhein-Westfalen,Land
Hochschule für Polizei und öffentliche Verwaltung NW in Köln (Verw-FH),Verwaltungsfachhochschulen,Nordrhein-Westfalen,Land
Hochschule für Polizei und öffentliche Verwaltung NW in Münster (Verw-FH),Verwaltungsfachhochschulen,Nordrhein-Westfalen,Land
Hochschule für Polizei und öffentliche Verwaltung NW in Dortmund (Verw-FH),Verwaltungsfachhochschulen,Nordrhein-Westfalen,Land
Hochschule für Polizei und öffentliche Verwaltung NW in Mülheim (Verw-FH),Verwaltungsfachhochschulen,Nordrhein-Westfalen,Land
"Hochschule des Bundes für öffentliche Verwaltung, FB Allgemeine innere Verwaltung in Brühl",Hochschule,Nordrhein-Westfalen,Bund
"Hochschule des Bundes für öff. Verwaltung, FB Nachrichtendienste Abteilung Verfassungsschutz, Brühl",Hochschule,Nordrhein-Westfalen,Bund
"Hochschule des Bundes für öffentliche Verwaltung, FB Finanzen in Münster",Hochschule,Nordrhein-Westfalen,Bund
Hochschule für Finanzen Rheinland-Pfalz (HFin) in Edenkoben (Verw-FH),Verwaltungsfachhochschulen,Rheinland-Pfalz,Land
Hochschule der Deutschen Bundesbank Hachenburg (Verw-FH),Verwaltungsfachhochschulen,Rheinland-Pfalz,Bund
"Hochschule für öffentliche Verwaltung Rheinland-Pfalz (HöV) Mayen, FB Innere Verwaltung in Mayen",Hochschule,Rheinland-Pfalz,Land
Hochschule der Polizei Rheinland-Pfalz in Büchenbeuren (Verw-FH),Verwaltungsfachhochschulen,Rheinland-Pfalz,Land
FH für Verwaltung Saarbrücken (Verw-FH),Verwaltungsfachhochschulen,Saarland,Land
Hochschule Meißen (FH) und Fortbildungszentrum (Verw-FH),Fachhochschulen (ohne VerwFH),Sachsen,Land
H der Sächsischen Polizei (FH) in Rothenburg/OL. (Verw-FH),Fachhochschulen (ohne VerwFH),Sachsen,Land
H der Sächsischen Polizei (FH) in Bautzen (Verw-FH),Fachhochschulen (ohne VerwFH),Sachsen,Land
"FH Polizei Sachsen-Anhalt, Aschersleben (Verw-FH)",Verwaltungsfachhochschulen,Sachsen-Anhalt,Land
FH für Verwaltung und Dienstleistung Altenholz in Altenholz (Verw-FH),Verwaltungsfachhochschulen,Schleswig-Holstein,Land
FH für Verwaltung und Dienstleistung Altenholz in Reinfeld (Verw-FH),Verwaltungsfachhochschulen,Schleswig-Holstein,Land
"Hochschule des Bundes für öffentliche Verwaltung, FB Bundespolizei in Lübeck",Hochschule,Schleswig-Holstein,Bund
Thüringer FH für öffentliche Verwaltung Gotha (Verw-FH),Verwaltungsfachhochschulen,Thüringen,Land
Berufsakademie Hamburg (BA),Berufsakademie,Hamburg,Privat
"Berufsakademie Nord GmbH, University of Cooperative Education Hamburg (BA)",Berufsakademie,Hamburg,Privat
Akademie für Tonkunst Darmstadt,Unknown,Hessen,Bund
Berufsakademie Rhein-Main Rödermark (BA),Berufsakademie,Hessen,Privat
Brüder-Grimm-Berufsakademie Hanau (BA),Berufsakademie,Hessen,Privat
Deutsche Berufsakademie Sport und Gesundheit (dba) in Baunatal (BA),Berufsakademie,Hessen,Privat
Dr. Hoch's Konservatorium - Musikakademie Frankfurt am Main,Unknown,Hessen,Bund
Europäische Studienakademie Kälte-Klima-Lüftung (ESaK) Maintal (BA),Berufsakademie,Hessen,Privat
"Hessische Berufsakademie Frankfurt, Studienort Frankfurt (BA)",Berufsakademie,Hessen,Privat
"Hessische Berufsakademie Frankfurt, Studienort Kassel (BA)",Berufsakademie,Hessen,Privat
"Intern. Berufsakademie der F+U Unternehmensgruppe Darmstadt (iba), Studienort Berlin ()",Interne Berufsakademie,Hessen,Privat
"Intern. Berufsakademie der F+U Unternehmensgruppe Darmstadt (iba), Studienort Bochum ()",Interne Berufsakademie,Hessen,Privat
"Intern. Berufsakademie der F+U Unternehmensgruppe Darmstadt (iba), Studienort Darmstadt ()",Interne Berufsakademie,Hessen,Privat
"Intern. Berufsakademie der F+U Unternehmensgruppe Darmstadt (iba), Studienort Erfurt ()",Interne Berufsakademie,Hessen,Privat
"Intern. Berufsakademie der F+U Unternehmensgruppe Darmstadt (iba), Studienort Hamburg ()",Interne Berufsakademie,Hessen,Privat
"Intern. Berufsakademie der F+U Unternehmensgruppe Darmstadt (iba), Studienort Heidelberg ()",Interne Berufsakademie,Hessen,Privat
"Intern. Berufsakademie der F+U Unternehmensgruppe Darmstadt (iba), Studienort Kassel ()",Interne Berufsakademie,Hessen,Privat
"Intern. Berufsakademie der F+U Unternehmensgruppe Darmstadt (iba), Studienort Köln ()",Interne Berufsakademie,Hessen,Privat
"Intern. Berufsakademie der F+U Unternehmensgruppe Darmstadt (iba), Studienort Leipzig ()",Interne Berufsakademie,Hessen,Privat
"Intern. Berufsakademie der F+U Unternehmensgruppe Darmstadt (iba), Studienort München ()",Interne Berufsakademie,Hessen,Privat
"Intern. Berufsakademie der F+U Unternehmensgruppe Darmstadt (iba), Studienort Nürnberg ()",Interne Berufsakademie,Hessen,Privat
Musikakademie der Stadt Kassel Louis Spohr,Unknown,Hessen,Bund
Berufsakademie Fulda,Berufsakademie,Hessen,Privat
Wiesbadener Musikakademie (WMA),Unknown,Hessen,Bund
Berufsakademie Holztechnik Melle (BA),Berufsakademie,Niedersachsen,Privat
"Berufsakademie für Bankwirtschaft Hannover-Rastede, Studienort Hannover (BA)",Berufsakademie,Niedersachsen,Privat
"Berufsakademie für Bankwirtschaft Hannover-Rastede, Studienort Rastede (BA)",Berufsakademie,Niedersachsen,Privat
Berufsakademie für IT und Wirtschaft Oldenburg (BA),Berufsakademie,Niedersachsen,Privat
Berufsakademie Göttingen (BA),Berufsakademie,Niedersachsen,Privat
Berufsakademie Lüneburg (BA),Berufsakademie,Niedersachsen,Privat
Berufsakademie Welfenakademie Braunschweig (BA),Berufsakademie,Niedersachsen,Privat
Berufsakademie Wilhelmshaven (BA),Berufsakademie,Niedersachsen,Privat
ASW - Berufsakademie Saarland Neunkirchen (BA),Berufsakademie,Saarland,Privat
"BA GSS - Berufsakademie für Gesundheits- und Sozialwesen Saarland gGmbH, Saarbrücken (BA)",Berufsakademie,Saarland,Privat
"ISBA gGmbH - Internationale Studien- und Berufsakademie, Saarbrücken (BA)",Berufsakademie,Saarland,Privat
"Berufsakademie Heimerer GmbH, Quierschied (BA)",Berufsakademie,Saarland,Privat
"Berufsakademie Sachsen - Staatliche Studienakademie, Studienort Bautzen",Berufsakademie,Sachsen,Bund
"Berufsakademie Sachsen - Staatliche Studienakademie, Studienort Breitenbrunn",Berufsakademie,Sachsen,Bund
"Berufsakademie Sachsen - Staatliche Studienakademie, Studienort Dresden",Berufsakademie,Sachsen,Bund
"Berufsakademie Sachsen - Staatliche Studienakademie, Studienort Glauchau",Berufsakademie,Sachsen,Bund
"Berufsakademie Sachsen - Staatliche Studienakademie, Studienort Leipzig",Berufsakademie,Sachsen,Bund
"Berufsakademie Sachsen - Staatliche Studienakademie, Studienort Riesa",Berufsakademie,Sachsen,Bund
"Berufsakademie Sachsen - Staatliche Studienakademie, Studienort Plauen",Berufsakademie,Sachsen,Bund
