id,region,name,category,url,dnssec_domain,dnssec_nameserver,has_dnssec,dnssec_is_valid,dnssec_algorithm
8,Baden-Württemberg,U Ulm,Public,www.uni-ulm.de,uni-ulm.de,dns3.belwue.de.,False,False,
4,Baden-Württemberg,Karlsruher Institut für Technologie (KIT) - Bereich Hochschule (U),Public,www.kit.edu,kit.edu,dns1.kit.edu.,False,False,
2,Baden-Württemberg,U Heidelberg in Heidelberg,Public,www.uni-heidelberg.de,uni-heidelberg.de,dns3.belwue.de.,False,False,
1,Baden-Württemberg,U Freiburg i.Br.,Public,www.uni-freiburg.de,uni-freiburg.de,dns3.belwue.de.,False,False,
7,Baden-Württemberg,U Tübingen,Public,www.uni-tuebingen.de,uni-tuebingen.de,dns3.belwue.de.,False,False,
5,Baden-Württemberg,U Konstanz,Public,www.uni-konstanz.de,uni-konstanz.de,uranos.rz.uni-konstanz.de.,False,False,
3,Baden-Württemberg,U Hohenheim,Public,www.uni-hohenheim.de,uni-hohenheim.de,ns2.uni-hohenheim.de.,False,False,
9,Baden-Württemberg,Zeppelin Universität Friedrichshafen (U),Private,www.zu.de,zu.de,cns3.alfahosting.info.,False,False,
10,Baden-Württemberg,"Freie Hochschule Stuttgart, Seminar für Waldorfpädagogik (U)",Private,www.freie-hochschule-stuttgart.de,freie-hochschule-stuttgart.de,ns81.domaincontrol.com.,False,False,
12,Bayern,U Bamberg,Public,www.uni-bamberg.de,uni-bamberg.de,ns01.rz.uni-bamberg.de.,False,False,
13,Bayern,U Bayreuth,Public,www.uni-bayreuth.de,uni-bayreuth.de,btr0x5.rz.uni-bayreuth.de.,False,False,
14,Bayern,Kath. U Eichstätt-Ingolstadt in Ingolstadt (U),Private,www.ku.de,ku.de,ns3.rrze.uni-erlangen.de.,True,True,RSASHA512
15,Bayern,U Erlangen-Nürnberg in Erlangen,Public,www.fau.de,fau.de,ns2.rrze.uni-erlangen.de.,True,True,RSASHA256
11,Bayern,U Augsburg,Public,www.uni-augsburg.de,uni-augsburg.de,dns2.rz.uni-augsburg.de.,True,True,RSASHA256
6,Baden-Württemberg,U Stuttgart,Public,www.uni-stuttgart.de,uni-stuttgart.de,dns-auth2.uni-stuttgart.edu.,True,True,RSASHA512
16,Bayern,U München,Public,www.lmu.de,lmu.de,dns2.lrz.bayern.,True,True,RSASHA256
18,Bayern,U Passau,Public,www.uni-passau.de,uni-passau.de,ns.forwiss.uni-passau.de.,True,True,RSASHA256
20,Bayern,U Würzburg,Public,www.uni-wuerzburg.de,uni-wuerzburg.de,dns-1.dfn.de.,False,False,
21,Berlin,FU Berlin,Public,www.fu-berlin.de,fu-berlin.de,ns1.fu-berlin.de.,False,False,
23,Berlin,Humboldt-Universität Berlin,Public,www.hu-berlin.de,hu-berlin.de,ns.tu-berlin.de.,False,False,
17,Bayern,TU München,Public,www.tum.de,tum.de,dns1.lrz.de.,True,True,RSASHA256
19,Bayern,U Regensburg,Public,www.uni-regensburg.de,uni-regensburg.de,dns1.uni-regensburg.de.,True,True,RSASHA256
24,Berlin,ESCP Europe Wirtschaftshochschule Berlin (U),Private,www.escp.eu,escp.eu,ns-106-c.gandi.net.,False,False,
27,Berlin,"Bard College Berlin, A Liberal Arts University (U)",Private,www.berlin.bard.edu,bard.edu,alec.ns.cloudflare.com.,False,False,
26,Berlin,Psychologische Hochschule Berlin (U),Private,www.psychologische-hochschule.de,psychologische-hochschule.de,ns1073.ui-dns.biz.,False,False,
25,Berlin,International Psychoanalytic University Berlin (U),Private,www.ipu-berlin.de,ipu-berlin.de,ns.inwx.de.,False,False,
22,Berlin,TU Berlin,Public,www.tu.berlin,tu.berlin,ns.tu-berlin.de.,True,True,RSASHA512
28,Brandenburg,Brandenburgische TU Cottbus-Senftenberg,Public,www.b-tu.de,b-tu.de,math-s.math.tu-cottbus.de.,False,False,
31,Brandenburg,Medizinische Hochschule Brandenburg in Neuruppin (U),Private,www.mhb-fontane.de,mhb-fontane.de,a.ns14.net.,False,False,
29,Brandenburg,Europa-U Viadrina Frankfurt (Oder),Public,www.europa-uni.de,europa-uni.de,ns1.euv-frankfurt-o.de.,False,False,
30,Brandenburg,U Potsdam,Public,www.uni-potsdam.de,uni-potsdam.de,ns.uni-potsdam.de.,False,False,
34,Bremen,Jacobs University Bremen (U),Private,www.jacobs-university.de,jacobs-university.de,ns-02.briteline.de.,False,False,
32,Brandenburg,Filmuniversität Babelsberg,Public,www.filmuniversitaet.de,filmuniversitaet.de,nameserver.hff-potsdam.de.,True,True,ECDSAP384SHA384
35,Hamburg,U Hamburg,Public,www.uni-hamburg.de,uni-hamburg.de,dns2.rrz.uni-hamburg.de.,False,False,
33,Bremen,U Bremen,Public,www.uni-bremen.de,uni-bremen.de,ns.informatik.uni-bremen.de.,True,True,RSASHA256
36,Hamburg,Technische Universität Hamburg,Public,www.tuhh.de,tuhh.de,authdns1.rz.tuhh.de.,True,True,RSASHA256
39,Hamburg,KLU Kühne Logistics University (U),Private,www.the-klu.org,the-klu.org,ns.checkdomain.de.,False,False,
38,Hamburg,Bucerius Law School Hamburg (U),Private,www.law-school.de,law-school.de,ns0.de.colt.net.,False,False,
37,Hamburg,Hafencity Universität Hamburg,Public,www.hcu-hamburg.de,hcu-hamburg.de,dns-2.dfn.de.,False,False,
40,Hessen,TU Darmstadt,Public,www.tu-darmstadt.de,tu-darmstadt.de,ns2.man-da.de.,True,True,RSASHA256
42,Hessen,U Gießen,Public,www.uni-giessen.de,uni-giessen.de,deneb.dfn.de.,False,False,
41,Hessen,U Frankfurt a.M.,Public,www.uni-frankfurt.de,uni-frankfurt.de,chaplin.rz.uni-frankfurt.de.,False,False,
43,Hessen,U Kassel in Kassel,Public,www.uni-kassel.de,uni-kassel.de,pm8-3.its.uni-kassel.de.,False,False,
44,Hessen,U Marburg,Public,www.uni-marburg.de,uni-marburg.de,dns-2.dfn.de.,False,False,
46,Hessen,EBS U für Wirtschaft und Recht in Wiesbaden (U),Private,www.ebs.edu,ebs.edu,nssrh.srh.de.,False,False,
45,Hessen,Frankfurt School of Finance & Management-HfB (U),Private,www.frankfurt-school.de,frankfurt-school.de,ns6.sec-provider.de.,False,False,
47,Mecklenburg-Vorpommern,U Greifswald,Public,www.uni-greifswald.de,uni-greifswald.de,dns1.uni-greifswald.de.,True,True,ECDSAP384SHA384
49,Niedersachsen,TU Braunschweig,Public,www.tu-braunschweig.de,tu-braunschweig.de,deneb.dfn.de.,False,False,
50,Niedersachsen,TU Clausthal,Public,www.tu-clausthal.de,tu-clausthal.de,numerobis.rz.tu-clausthal.de.,False,False,
51,Niedersachsen,U Göttingen,Public,www.uni-goettingen.de,uni-goettingen.de,dns1.gwdg.de.,False,False,
52,Niedersachsen,U Hannover,Public,www.uni-hannover.de,uni-hannover.de,ns3.uni-hannover.de.,False,False,
48,Mecklenburg-Vorpommern,U Rostock,Public,www.uni-rostock.de,uni-rostock.de,dns-3.dfn.de.,True,True,RSASHA512
53,Niedersachsen,Tierärztliche H Hannover (U),Public,www.tiho-hannover.de,tiho-hannover.de,ns3.tiho-hannover.de.,False,False,
55,Niedersachsen,U Lüneburg,Public,www.leuphana.de,leuphana.de,deneb.dfn.de.,False,False,
54,Niedersachsen,U Hildesheim,Public,www.uni-hildesheim.de,uni-hildesheim.de,rzvsdns01.rz.uni-hildesheim.de.,False,False,
56,Niedersachsen,U Oldenburg,Public,www.uol.de,uol.de,ns02.uni-oldenburg.de.,False,False,
57,Niedersachsen,U Osnabrück,Public,www.uni-osnabrueck.de,uni-osnabrueck.de,dns-2.serv.uni-osnabrueck.de.,False,False,
62,Nordrhein-Westfalen,U Bonn,Public,www.uni-bonn.de,uni-bonn.de,dns-3.dfn.de.,False,False,
63,Nordrhein-Westfalen,TU Dortmund,Public,www.tu-dortmund.de,tu-dortmund.de,ns2.itmc.tu-dortmund.de.,False,False,
65,Nordrhein-Westfalen,Fernuniversität Hagen,Public,www.fernuni-hagen.de,fernuni-hagen.de,dns-1.dfn.de.,False,False,
61,Nordrhein-Westfalen,U Bochum,Public,www.ruhr-uni-bochum.de,ruhr-uni-bochum.de,dns2.ruhr-uni-bochum.de.,True,True,ECDSAP256SHA256
64,Nordrhein-Westfalen,U Düsseldorf,Public,www.hhu.de,hhu.de,selene.rz.uni-duesseldorf.de.,False,False,
59,Nordrhein-Westfalen,TH Aachen (U),Public,www.rwth-aachen.de,rwth-aachen.de,zs1.rz.rwth-aachen.de.,True,True,RSASHA256
60,Nordrhein-Westfalen,U Bielefeld,Public,www.uni-bielefeld.de,uni-bielefeld.de,dns-2.dfn.de.,True,True,RSASHA512
66,Nordrhein-Westfalen,U Köln,Public,uni-koeln.de,uni-koeln.de,noc2.rrz.uni-koeln.de.,False,False,
67,Nordrhein-Westfalen,Deutsche Sporthochschule Köln (U),Public,www.dshs-koeln.de,dshs-koeln.de,dns4.netcologne.de.,False,False,
70,Nordrhein-Westfalen,U Siegen,Public,www.uni-siegen.de,uni-siegen.de,si-nic.hrz.uni-siegen.de.,False,False,
71,Nordrhein-Westfalen,U Wuppertal,Public,www.uni-wuppertal.de,uni-wuppertal.de,dns-2.uni-wuppertal.de.,False,False,
69,Nordrhein-Westfalen,U Paderborn,Public,www.uni-paderborn.de,uni-paderborn.de,dns2.uni-paderborn.de.,False,False,
68,Nordrhein-Westfalen,U Münster,Public,www.uni-muenster.de,uni-muenster.de,ns02-ext.uni-muenster.de.,False,False,
72,Nordrhein-Westfalen,Universität Witten-Herdecke (U),Private,www.uni-wh.de,uni-wh.de,dmz6.uni-wh.de.,True,False,DH
73,Rheinland-Pfalz,U Mainz in Mainz,Public,www.uni-mainz.de,uni-mainz.de,ns-extern.zdv.uni-mainz.de.,False,False,
58,Niedersachsen,Universität Vechta,Public,www.uni-vechta.de,uni-vechta.de,dns02.uni-vechta.de.,True,True,RSASHA512
74,Rheinland-Pfalz,Deutsche Universität für Verwaltungswissenschaften Speyer,Public,www.uni-speyer.de,uni-speyer.de,minnehaha.rhrk.uni-kl.de.,False,False,
76,Rheinland-Pfalz,"Wissenschaftliche H für Unternehmensführung, Vallendar (U)",Private,www.whu.edu,whu.edu,secondary006.dtag.net.,False,False,
75,Rheinland-Pfalz,U Trier,Public,www.uni-trier.de,uni-trier.de,ns03.uni-trier.de.,False,False,
78,Sachsen,TU Chemnitz,Public,www.tu-chemnitz.de,tu-chemnitz.de,secondary.rrze.uni-erlangen.de.,True,True,RSASHA256
77,Saarland,U des Saarlandes Saarbrücken in Saarbrücken,Public,www.uni-saarland.de,uni-saarland.de,ns.uni-sb.de.,False,False,
79,Sachsen,TU Dresden in Dresden,Public,tu-dresden.de,tu-dresden.de,adns2.zih.tu-dresden.de.,False,False,
82,Sachsen,DIU-Dresden International University (U),Private,www.di-uni.de,di-uni.de,ns1057.ui-dns.org.,False,False,
80,Sachsen,TU Bergakademie Freiberg,Public,tu-freiberg.de,tu-freiberg.de,dns-3.dfn.de.,False,False,
81,Sachsen,U Leipzig,Public,www.uni-leipzig.de,uni-leipzig.de,dns-extern-slave.uni-jena.de.,False,False,
83,Sachsen,HHL Leipzig Graduate School of Management (U),Private,www.hhl.de,hhl.de,ns07.domaincontrol.com.,False,False,
84,Sachsen-Anhalt,U Halle in Halle,Public,www.uni-halle.de,uni-halle.de,ns2.uni-halle.de.,False,False,
85,Sachsen-Anhalt,U Magdeburg,Public,www.ovgu.de,ovgu.de,dns-2.dfn.de.,False,False,
86,Schleswig-Holstein,EUF Europa-Universität Flensburg,Public,www.uni-flensburg.de,uni-flensburg.de,jupiter.uni-flensburg.de.,False,False,
87,Schleswig-Holstein,U Kiel,Public,www.uni-kiel.de,uni-kiel.de,ns2.rz.uni-kiel.de.,False,False,
88,Schleswig-Holstein,U Lübeck,Public,www.uni-luebeck.de,uni-luebeck.de,deneb.dfn.de.,False,False,
89,Thüringen,U Erfurt,Public,www.uni-erfurt.de,uni-erfurt.de,dns-2.dfn.de.,False,False,
90,Thüringen,TU Ilmenau,Public,www.tu-ilmenau.de,tu-ilmenau.de,prakinf2.prakinf.tu-ilmenau.de.,False,False,
91,Thüringen,U Jena,Public,www.uni-jena.de,uni-jena.de,dns-3.dfn.de.,False,False,
94,Nordrhein-Westfalen,Kirchliche Hochschule Wuppertal / Bethel in Bethel (Theol. H),Private,www.kiho-wuppertal.de,kiho-wuppertal.de,ns1070.ui-dns.de.,False,False,
92,Thüringen,Bauhaus-U Weimar,Public,www.uni-weimar.de,uni-weimar.de,tigger.scc.uni-weimar.de.,False,False,
95,Baden-Württemberg,Staatl. H für Musik Freiburg i.Br. (Kunst-H),Public,www.mh-freiburg.de,mh-freiburg.de,dns.mh-freiburg.de.,False,False,
96,Baden-Württemberg,Staatl. Akademie der Bildenden Künste Karlsruhe (Kunst-H),Public,www.kunstakademie-karlsruhe.de,kunstakademie-karlsruhe.de,dns3.belwue.de.,False,False,
98,Baden-Württemberg,Staatl. H für Musik Karlsruhe (Kunst-H),Public,www.hfm-karlsruhe.de,hfm-karlsruhe.de,dns5.belwue.de.,False,False,
97,Baden-Württemberg,Staatl. H für Gestaltung Karlsruhe (Kunst-H),Public,www.hfg-karlsruhe.de,hfg-karlsruhe.de,dns1.belwue.de.,False,False,
99,Baden-Württemberg,Staatl. H für Musik und Darstellende Kunst Mannheim (Kunst-H),Public,www.muho-mannheim.de,muho-mannheim.de,dns5.belwue.de.,False,False,
100,Baden-Württemberg,Staatl. Akademie der Bildenden Künste Stuttgart (Kunst-H),Public,www.abk-stuttgart.de,abk-stuttgart.de,dns1.belwue.de.,False,False,
101,Baden-Württemberg,Staatl. H für Musik und Darstellende Kunst Stuttgart (Kunst-H),Public,www.hmdk-stuttgart.de,hmdk-stuttgart.de,dns5.belwue.de.,False,False,
102,Baden-Württemberg,Staatl. H für Musik Trossingen (Kunst-H),Public,www.hfm-trossingen.de,hfm-trossingen.de,ns1.your-server.de.,False,False,
103,Bayern,Akademie der Bildenden Künste München (Kunst-H),Public,www.adbk.de,adbk.de,ns5.kasserver.com.,False,False,
104,Bayern,Akademie der Bildenden Künste Nürnberg (Kunst-H),Public,www.adbk-nuernberg.de,adbk-nuernberg.de,ns81.domaincontrol.com.,False,False,
105,Bayern,H für Musik Nürnberg (Kunst-H),Public,www.hfm-nuernberg.de,hfm-nuernberg.de,dns1.th-nuernberg.de.,False,False,
106,Bayern,H für Musik Würzburg (Kunst-H),Public,www.hfm-wuerzburg.de,hfm-wuerzburg.de,ns1.uni-wuerzburg.de.,False,False,
107,Bayern,Hochschule für evangelische Kirchenmusik der Evangelisch-Lutherischen Kirche in Bayern,Private,www.hfk-bayreuth.de,hfk-bayreuth.de,ns01.agenturserver.co.,False,False,
108,Bayern,"H für kath. Kirchenmusik und Musikpädagogik, Regensburg (Kunst-H)",Private,www.hfkm-regensburg.de,hfkm-regensburg.de,ns81.domaincontrol.com.,False,False,
93,Hessen,Evangelische Hochschule Tabor in Marburg (Theol. H),Private,www.eh-tabor.de,eh-tabor.de,ns3.second-ns.de.,False,False,
109,Berlin,U der Künste Berlin (Kunst-H),Public,www.udk-berlin.de,udk-berlin.de,bauhaus.udk-berlin.de.,False,False,
110,Berlin,Weißensee Kunsthochschule Berlin (Kunst-H),Public,www.kh-berlin.de,kh-berlin.de,ns81.domaincontrol.com.,False,False,
111,Berlin,H für Musik Berlin (Kunst-H),Public,www.hfm-berlin.de,hfm-berlin.de,ns2.plusserver.com.,False,False,
112,Berlin,H für Schauspielkunst Berlin (Kunst-H),Public,www.hfs-berlin.de,hfs-berlin.de,ns2.3pc-dns.de.,False,False,
114,Bremen,H für Künste Bremen (Kunst-H),Public,www.hfk-bremen.de,hfk-bremen.de,HFK-DNSEXT01.hfk-bremen.de.,False,False,
115,Hamburg,H für Bildende Künste Hamburg (Kunst-H),Public,www.hfbk-hamburg.de,hfbk-hamburg.de,ns.hfbk-hamburg.de.,False,False,
113,Berlin,Barenboim-Said Akademie Berlin (Kunst-H),Private,www.barenboimsaid.de,barenboimsaid.de,d.ns14.net.,False,False,
116,Hessen,H für Bildende Künste - Städelschule Frankfurt a.M. (Kunst-H),Public,www.staedelschule.de,staedelschule.de,ns2.namespace4you.de.,False,False,
119,Mecklenburg-Vorpommern,H für Musik und Theater Rostock (Kunst-H),Public,www.hmt-rostock.de,hmt-rostock.de,b.ns14.net.,False,False,
118,Hessen,H für Gestaltung Offenbach (Kunst-H),Public,www.hfg-offenbach.de,hfg-offenbach.de,dns-3.dfn.de.,False,False,
117,Hessen,H für Musik und Darstellende Kunst Frankfurt a.M. (Kunst-H),Public,www.hfmdk-frankfurt.de,hfmdk-frankfurt.de,ns1.hfmdk-frankfurt.de.,False,False,
120,Niedersachsen,H für Bildende Künste Braunschweig (Kunst-H),Public,www.hbk-bs.de,hbk-bs.de,dns1.sonia.de.,False,False,
121,Niedersachsen,"Hochschule für Musik, Theater und Medien Hannover (Kunst-H)",Public,www.hmtm-hannover.de,hmtm-hannover.de,ns13.domaincontrol.com.,False,False,
123,Nordrhein-Westfalen,Kunstakademie Düsseldorf (Kunst-H),Public,www.kunstakademie-duesseldorf.de,kunstakademie-duesseldorf.de,deneb.dfn.de.,False,False,
124,Nordrhein-Westfalen,Robert-Schumann-H Düsseldorf (Kunst-H),Public,www.rsh-duesseldorf.de,rsh-duesseldorf.de,zdns01.hs-duesseldorf.de.,False,False,
122,Nordrhein-Westfalen,H für Musik Detmold (Kunst-H),Public,www.hfm-detmold.de,hfm-detmold.de,manul.noc.th-owl.de.,False,False,
125,Nordrhein-Westfalen,Folkwang U der Künste Essen in Bochum (Kunst-H),Public,www.folkwang-uni.de,folkwang-uni.de,dns-2.dfn.de.,False,False,
127,Nordrhein-Westfalen,H für Musik und Tanz Köln,Public,www.hfmt-koeln.de,hfmt-koeln.de,nsc4.schlundtech.de.,False,False,
126,Nordrhein-Westfalen,KH für Medien Köln (Kunst-H),Public,www.khm.de,khm.de,deneb.dfn.de.,False,False,
129,Nordrhein-Westfalen,Alanus H Alfter (Kunst-H),Private,www.alanus.edu,alanus.edu,ns6.kasserver.com.,False,False,
128,Nordrhein-Westfalen,Kunstakademie Münster (Kunst-H),Public,www.kunstakademie-muenster.de,kunstakademie-muenster.de,ns02-ext.uni-muenster.de.,False,False,
131,Saarland,H der Bildenden Künste Saarbrücken (Kunst-H),Public,www.hbksaar.de,hbksaar.de,ns1081.ui-dns.org.,False,False,
133,Sachsen,"H für Kirchenmusik der Evang.-Luth. Landeskirche Sachsens, Dresden (Kunst-H)",Private,www.kirchenmusik-dresden.de,kirchenmusik-dresden.de,ns1049.ui-dns.org.,False,False,
130,Nordrhein-Westfalen,Hochschule der bildenden Künste (HBK) Essen (Kunst-H),Private,Www.hbk-essen.de,hbk-essen.de,robotns2.second-ns.de.,False,False,
135,Sachsen,Palucca Hochschule für Tanz Dresden (Kunst-H),Public,www.palucca.eu,palucca.eu,ns31.domaincontrol.com.,False,False,
134,Sachsen,H für Musik Dresden (Kunst-H),Public,www.hfmdd.de,hfmdd.de,dns-1.dfn.de.,False,False,
132,Sachsen,H für Bildende Künste Dresden (Kunst-H),Public,www.hfbk-dresden.de,hfbk-dresden.de,deneb.dfn.de.,False,False,
139,Sachsen-Anhalt,Evang. H für Kirchenmusik Halle (Kunst-H),Private,www.ehk-halle.de,ehk-halle.de,ns1066.ui-dns.org.,False,False,
136,Sachsen,H für Graphik und Buchkunst Leipzig (Kunst-H),Public,www.hgb-leipzig.de,hgb-leipzig.de,hgb1.hgb-leipzig.de.,False,False,
137,Sachsen,H für Musik und Theater Leipzig (Kunst-H),Public,www.hmt-leipzig.de,hmt-leipzig.de,news.uni-leipzig.de.,False,False,
138,Sachsen-Anhalt,Burg Giebichenstein Kunsthochschule Halle (Kunst-H),Public,www.burg-halle.de,burg-halle.de,ns1.eastlink.de.,False,False,
140,Schleswig-Holstein,Muthesius Kunsthochschule Kiel (Kunst-H),Public,www.muthesius-kunsthochschule.de,muthesius-kunsthochschule.de,ns2.vektorrausch.net.,False,False,
143,Baden-Württemberg,Hochschule Aalen - Technik und Wirtschaft in Aalen (FH),Public,www.hs-aalen.de,hs-aalen.de,noc.fh-aalen.de.,False,False,
141,Schleswig-Holstein,Musikhochschule Lübeck (Kunst-H),Public,www.mh-luebeck.de,mh-luebeck.de,deneb.dfn.de.,False,False,
142,Thüringen,H für Musik Weimar (Kunst-H),Public,www.hfm-weimar.de,hfm-weimar.de,dns.htwm.de.,False,False,
144,Baden-Württemberg,H Albstadt-Sigmaringen in Albstadt (FH),Public,www.hs-albsig.de,hs-albsig.de,dns5.belwue.de.,False,False,
146,Baden-Württemberg,H Esslingen in Esslingen (FH),Public,www.hs-esslingen.de,hs-esslingen.de,dns3.BelWue.de.,False,False,
149,Baden-Württemberg,H Karlsruhe (FH),Public,www.h-ka.de,h-ka.de,ns1091.ui-dns.org.,False,False,
147,Baden-Württemberg,H Furtwangen in Furtwangen (FH),Public,www.hs-furtwangen.de,hs-furtwangen.de,dns3.belwue.de.,False,False,
145,Baden-Württemberg,H Biberach a. d. Riss (FH),Public,www.hochschule-biberach.de,hochschule-biberach.de,dns1.belwue.de.,False,False,
151,Baden-Württemberg,H Mannheim (FH),Public,www.hs-mannheim.de,hs-mannheim.de,dns3.belwue.de.,False,False,
148,Baden-Württemberg,H Heilbronn in Heilbronn (FH),Public,www.hs-heilbronn.de,hs-heilbronn.de,dns5.belwue.de.,False,False,
150,Baden-Württemberg,H Konstanz (FH),Public,www.htwg-konstanz.de,htwg-konstanz.de,dns3.belwue.de.,False,False,
152,Baden-Württemberg,H Nürtingen-Geislingen (FH),Public,www.hfwu.de,hfwu.de,dns1.belwue.de.,False,False,
153,Baden-Württemberg,H Offenburg (FH),Public,www.hs-offenburg.de,hs-offenburg.de,dns3.belwue.de.,False,False,
154,Baden-Württemberg,H Pforzheim (FH),Public,www.hs-pforzheim.de,hs-pforzheim.de,dns1.belwue.de.,False,False,
155,Baden-Württemberg,H Ravensburg-Weingarten (FH),Public,www.rwu.de,rwu.de,dns2.hs-weingarten.de.,False,False,
157,Baden-Württemberg,H für Forstwirtschaft Rottenburg (FH),Public,www.hs-rottenburg.net,hs-rottenburg.net,ns1.first-ns.de.,False,False,
158,Baden-Württemberg,H für Gestaltung Schwäbisch Gmünd (FH),Public,www.hfg-gmuend.de,hfg-gmuend.de,dns5.belwue.de.,False,False,
156,Baden-Württemberg,H für Technik und Wirtschaft Reutlingen (FH),Public,www.reutlingen-university.de,reutlingen-university.de,noc.fh-reutlingen.de.,False,False,
159,Baden-Württemberg,"FH Stuttgart, H der Medien",Public,www.hdm-stuttgart.de,hdm-stuttgart.de,iz-net-4.hdm-stuttgart.de.,False,False,
161,Baden-Württemberg,"Hochschule Macromedia für angewandte Wissenschaften Stuttgart, Campus Stuttgart (FH)",Private,www.macromedia-fachhochschule.de,macromedia-fachhochschule.de,ns39.domaincontrol.com.,False,False,
162,Baden-Württemberg,"Karlshochschule International University, Karlsruhe (FH)",Private,www.karlshochschule.de,karlshochschule.de,ns1032.ui-dns.de.,False,False,
160,Baden-Württemberg,Hochschule für Technik Stuttgart,Public,www.hft-stuttgart.de,hft-stuttgart.de,dns-server.rz.hft-stuttgart.de.,False,False,
163,Baden-Württemberg,Hochschule der Wirtschaft für Management (HdWM) Mannheim (FH),Private,www.hdwm.de,hdwm.de,docks03.rzone.de.,False,False,
164,Baden-Württemberg,Hochschule für Kommunikation und Gestaltung in Stuttgart (FH),Private,www.hfk-bw.de,hfk-bw.de,ns1.your-server.de.,False,False,
165,Baden-Württemberg,Hochschule Fresenius Heidelberg (FH),Private,www.hs-fresenius.de,hs-fresenius.de,ns1.adacor.net.,False,False,
167,Baden-Württemberg,VWA-Hochschule für berufsbegleitendes Studium Stuttgart in Freiburg (FH),Private,www.vwa-hochschule.de,vwa-hochschule.de,dns.dns2.de.,False,False,
166,Baden-Württemberg,"SRH Fernhochschule, Riedlingen (FH)",Private,www.mobile-university.de,mobile-university.de,nssrh.srh.de.,False,False,
171,Baden-Württemberg,Evang. Hochschule Freiburg (FH),Private,www.eh-freiburg.de,eh-freiburg.de,shades01.rzone.de.,False,False,
169,Baden-Württemberg,media Akademie - Hochschule Stuttgart (FH),Private,www.media-hs.de,media-hs.de,ns3.stratoserver.net.,False,False,
168,Baden-Württemberg,Allensbach Hochschule Konstanz (FH),Private,www.allensbach-hochschule.de,allensbach-hochschule.de,ns2.easyname.eu.,False,False,
170,Baden-Württemberg,"Merz Akademie Hochschule für Gestaltung, Kunst und Medien, Stuttgart (FH)",Private,www.merz-akademie.de,merz-akademie.de,ns03.versatel.de.,False,False,
172,Baden-Württemberg,Theologisches Seminar Reutlingen (FH),Private,www.th-reutlingen.de,th-reutlingen.de,ns6.kasserver.com.,False,False,
174,Baden-Württemberg,"Kath. Hochschule Freiburg i.Br., Campus Freiburg (FH)",Private,www.kh-freiburg.de,kh-freiburg.de,shades13.rzone.de.,False,False,
178,Bayern,Hochschule für angewandte Wissenschaften Augsburg (FH),Public,www.hs-augsburg.de,hs-augsburg.de,deneb.dfn.de.,True,True,RSASHA256
177,Bayern,TH Aschaffenburg (FH),Public,www.th-ab.de,th-ab.de,itldns04.th-ab.de.,False,False,
180,Bayern,Technische Hochschule Deggendorf (FH),Public,www.th-deg.de,th-deg.de,ns1.fh-deggendorf.de.,False,False,
181,Bayern,Hochschule für angewandte Wissenschaften Hof in Hof (FH),Public,www.hof-university.de,hof-university.de,deneb.dfn.de.,False,False,
175,Bayern,Ostbayerische Technische Hochschule Amberg-Weiden (FH) in Amberg,Public,www.oth-aw.de,oth-aw.de,dns2.lrz.bayern.,True,True,RSASHA256
179,Bayern,Hochschule für angewandte Wissenschaften Coburg (FH),Public,www.hs-coburg.de,hs-coburg.de,dns1.lrz.de.,True,True,RSASHA256
176,Bayern,Hochschule für angewandte Wissenschaften Ansbach in Ansbach (FH),Public,www.hs-ansbach.de,hs-ansbach.de,dns-1.dfn.de.,True,True,RSASHA256
184,Bayern,Hochschule für angewandte Wissenschaften Landshut (FH),Public,www.haw-landshut.de,haw-landshut.de,dns2.fh-landshut.de.,False,False,
185,Bayern,Hochschule für angewandte Wissenschaften München (FH),Public,www.hm.edu,hm.edu,dns1.lrz.de.,True,True,RSASHA256
188,Bayern,Ostbayerische Technische Hochschule Regensburg (FH),Public,www.oth-regensburg.de,oth-regensburg.de,dns.hs-regensburg.de.,False,False,
182,Bayern,Technische Hochschule Ingolstadt in Ingolstadt (FH),Public,www.thi.de,thi.de,dns1.lrz.de.,True,True,RSASHA256
183,Bayern,Hochschule für angewandte Wissenschaften Kempten (FH),Public,www.hs-kempten.de,hs-kempten.de,dns3.lrz.eu.,True,True,RSASHA256
187,Bayern,Technische Hochschule Nürnberg Georg Simon Ohm (FH),Public,www.th-nuernberg.de,th-nuernberg.de,dns-1.dfn.de.,True,True,RSASHA256
186,Bayern,Hochschule für angewandte Wissenschaften Neu-Ulm (FH),Public,www.hnu.de,hnu.de,dns3.lrz.eu.,True,True,RSASHA256
189,Bayern,TH Rosenheim in Rosenheim (FH),Public,www.th-rosenheim.de,th-rosenheim.de,dns-3.dfn.de.,True,True,RSASHA256
191,Bayern,HDBW Hochschule der Bayerischen Wirtschaft für angewandte Wissenschaften in München (FH),Private,www.hdbw-hochschule.de,hdbw-hochschule.de,ns.udag.de.,False,False,
192,Bayern,"Hochschule für angewandtes Management, Ismaning (FH)",Private,www.fham.de,fham.de,nsa9.schlundtech.de.,False,False,
190,Bayern,H für angewandte Wissenschaften Weihenstephan-Triesdorf (FH) in Triesdorf,Public,www.hswt.de,hswt.de,dns2.lrz.bayern.,True,True,RSASHA256
193,Bayern,Internationale Hochschule SDI München-Hochschule für angewandte Wissenschaften (FH),Private,www.sdi-muenchen.de,sdi-muenchen.de,ns1.sdi-munich.net.,False,False,
194,Bayern,Munich Business School München (FH),Private,www.munich-business-school.de,munich-business-school.de,ns13.domaincontrol.com.,False,False,
195,Bayern,"SRH Wilhelm Löhe Hochschule, Fürth (FH)",Private,www.srh-hochschule-fuerth.de,srh-hochschule-fuerth.de,c.regfish-ns.net.,False,False,
196,Bayern,Evang. Hochschule Nürnberg (FH),Private,www.evhn.de,evhn.de,ns2.m-online.net.,False,False,
173,Baden-Württemberg,Evangelische Hochschule Ludwigsburg in Ludwigsburg (FH),Private,www.eh-ludwigsburg.de,eh-ludwigsburg.de,ns3.active-elements.de.,False,False,
200,Berlin,H für Technik und Wirtschaft Berlin (FH),Public,www.htw-berlin.de,htw-berlin.de,dns-2.dfn.de.,False,False,
198,Berlin,Alice Salomon Hochschule Berlin (FH),Public,www.ash-berlin.eu,ash-berlin.eu,deneb.dfn.de.,False,False,
199,Berlin,Berliner Hochschule für Technik (FH),Public,www.bht-berlin.de,bht-berlin.de,deneb.dfn.de.,False,False,
201,Berlin,"HWR Berlin, Fachbereich Wirtschaft (FH)",Public,www.hwr-berlin.de,hwr-berlin.de,dns-2.dfn.de.,False,False,
202,Berlin,BSP Business and Law School - Hochschule für Management und Recht Berlin in Berlin (FH),Private,www.businessschool-berlin.de,businessschool-berlin.de,docks11.rzone.de.,False,False,
203,Berlin,bbw Hochschule Berlin (FH),Private,www.bbw-hochschule.de,bbw-hochschule.de,ns.udag.de.,False,False,
197,Bayern,Katholische Stiftungshochschule München (FH),Private,www.ksh-muenchen.de,ksh-muenchen.de,dns2.lrz.bayern.,True,True,RSASHA256
206,Berlin,Digital Business University Berlin (FH),Private,www.dbuas.de,dbuas.de,docks17.rzone.de.,False,False,
204,Berlin,Akkon Hochschule Berlin (FH),Private,www.akkon-hochschule.de,akkon-hochschule.de,ns2.jodoma.de.,False,False,
207,Berlin,"H für Medien, Kommunikation und Wirtschaft Berlin in Berlin (FH)",Private,www.hmkw.de,hmkw.de,ns6.kasserver.com.,False,False,
205,Berlin,"Medical School Berlin, H für Gesundheit und Medizin (FH)",Private,www.medicalschool-berlin.de,medicalschool-berlin.de,docks10.rzone.de.,False,False,
209,Berlin,CODE University of Applied Sciences Berlin (FH),Private,code.berlin,code.berlin,ns-1333.awsdns-38.org.,False,False,
208,Berlin,SRH Berlin University of Applied Sciences in Berlin (FH),Private,www.srh-berlin.de,srh-berlin.de,b.regfish-ns.net.,False,False,
211,Berlin,Berlin International University of Applied Sciences (FH),Private,www.berlin-international.de,berlin-international.de,ns-1096.awsdns-09.org.,False,False,
210,Berlin,Hochschule für angewandte Pädagogik Berlin (FH),Private,www.hsap.de,hsap.de,robotns3.second-ns.com.,False,False,
212,Berlin,DEKRA Hochschule für Medien Berlin (FH),Private,www.dekra-hochschule.de,dekra-hochschule.de,jasper.ns.cloudflare.com.,False,False,
213,Berlin,Quadriga Hochschule Berlin (FH),Private,www.quadriga-hochschule.com,quadriga-hochschule.com,ns.second-ns.com.,False,False,
215,Berlin,Katholische Hochschule für Sozialwesen Berlin (FH),Private,www.khsb-berlin.de,khsb-berlin.de,ns1.your-server.de.,False,False,
216,Brandenburg,Technische Hochschule Brandenburg (FH),Public,www.th-brandenburg.de,th-brandenburg.de,deneb.dfn.de.,False,False,
214,Berlin,Evangelische Hochschule Berlin (FH),Private,www.eh-berlin.de,eh-berlin.de,ns1.aspdns.org.,False,False,
219,Brandenburg,Fachhochschule für Sport und Management Potsdam (FH),Private,www.fhsmp.de,fhsmp.de,ns01.agenturserver.it.,False,False,
217,Brandenburg,Hochschule für nachhaltige Entwicklung Eberswalde (FH),Public,www.hnee.de,hnee.de,ns2.telta.de.,False,False,
218,Brandenburg,FH Potsdam,Public,www.fh-potsdam.de,fh-potsdam.de,ns.fh-potsdam.de.,False,False,
220,Brandenburg,Technische Hochschule Wildau (FH),Public,www.th-wildau.de,th-wildau.de,deneb.dfn.de.,False,False,
222,Brandenburg,Fachhochschule Clara Hoffbauer Potsdam (FH),Private,www.fhchp.de,fhchp.de,ns73.domaincontrol.com.,False,False,
221,Brandenburg,Theologische Hochschule Elstal (FH),Private,www.th-elstal.de,th-elstal.de,ns1.holistic-dns.de.,False,False,
223,Brandenburg,XU Exponential University Potsdam (FH),Private,xu-university.com,xu-university.com,grant.ns.cloudflare.com.,True,True,ECDSAP256SHA256
224,Brandenburg,GISMA Business School Potsdam (FH),Private,www.gisma.com,gisma.com,ns-1340.awsdns-39.org.,False,False,
228,Hamburg,H für Angewandte Wissenschaften Hamburg (FH),Public,www.haw-hamburg.de,haw-hamburg.de,dns-2.dfn.de.,False,False,
225,Bremen,H Bremen (FH),Public,www.hs-bremen.de,hs-bremen.de,dns.hs-bremen.de.,False,False,
226,Bremen,H Bremerhaven (FH),Public,www.hs-bremerhaven.de,hs-bremerhaven.de,netu1.awi.de.,False,False,
227,Bremen,APOLLON H der Gesundheitswirtschaft Bremen (FH),Private,www.apollon-hochschule.de,apollon-hochschule.de,ns2.routing.net.,False,False,
229,Hamburg,Europ. Fern-H Hamburg GmbH Hamburg (FH),Private,www.euro-fh.de,euro-fh.de,ns2.rrpproxy.net.,False,False,
231,Hamburg,HSBA Hamburg School of Business Admin. (FH),Private,www.hsba.de,hsba.de,ns67.domaincontrol.com.,False,False,
230,Hamburg,HFH Hamburger Fern-H (FH),Private,www.hfh-fernstudium.de,hfh-fernstudium.de,ns1-tec.de.,False,False,
232,Hamburg,"Evang. H für Soziale Arbeit und Diakonie, Hamburg (FH)",Private,www.ev-hochschule-hh.de,ev-hochschule-hh.de,robotns3.second-ns.com.,False,False,
233,Hamburg,Northern Business School Hamburg (FH),Private,www.nbs.de,nbs.de,docks13.rzone.de.,False,False,
236,Hessen,Frankfurt University of Applied Sciences (FH),Public,www.frankfurt-university.de,frankfurt-university.de,deneb.dfn.de.,False,False,
235,Hessen,h_da - H Darmstadt in Darmstadt (FH),Public,www.h-da.de,h-da.de,minos.itda.h-da.de.,False,False,
237,Hessen,Hochschule Fulda (FH),Public,www.hs-fulda.de,hs-fulda.de,ns01.rz.hs-fulda.de.,True,True,ECDSAP256SHA256
238,Hessen,Technische Hochschule Mittelhessen (THM) in Friedberg (FH),Public,www.thm.de,thm.de,dns2.fh-giessen.de.,False,False,
239,Hessen,Hochschule RheinMain (FH) in Rüsselsheim,Public,www.hs-rm.de,hs-rm.de,dns-1k.itc.hs-rm.de.,False,False,
241,Hessen,"Provadis School of Intern. Management and Technology, Frankfurt a.M. (FH)",Private,www.provadis-hochschule.de,provadis-hochschule.de,ns1-05.azure-dns.com.,False,False,
240,Hessen,accadis Hochschule Bad Homburg (FH),Private,www.accadis.com,accadis.com,ns.transresult.net.,False,False,
243,Hessen,DIPLOMA - FH Nordhessen in Bad Sooden-Allendorf (FH),Private,www.diploma.de,diploma.de,ns1.ims.de.,False,False,
242,Hessen,UoL-University of Labour Frankfurt (FH),Private,www.university-of-labour.de,university-of-labour.de,ns3.hr-marketing.de.,False,False,
244,Hessen,"Evangelische Hochschule Darmstadt (EHD), (FH)",Private,www.eh-darmstadt.de,eh-darmstadt.de,ns1.man-da.de.,False,False,
245,Hessen,CVJM-Hochschule Kassel (FH),Private,www.cvjm-hochschule.de,cvjm-hochschule.de,robotns3.second-ns.com.,False,False,
246,Mecklenburg-Vorpommern,Hochschule Neubrandenburg (FH),Public,www.hs-nb.de,hs-nb.de,ns.hs-nb.de.,False,False,
247,Mecklenburg-Vorpommern,Hochschule Stralsund (FH),Public,www.hochschule-stralsund.de,hochschule-stralsund.de,ns1.hochschule-stralsund.de.,False,False,
248,Mecklenburg-Vorpommern,Hochschule Wismar (FH),Public,www.hs-wismar.de,hs-wismar.de,kermit.hs-wismar.de.,False,False,
250,Niedersachsen,Hochschule Emden/Leer in Emden (FH),Public,www.hs-emden-leer.de,hs-emden-leer.de,dns-2.dfn.de.,False,False,
249,Niedersachsen,Hochschule Braunschweig-Wolfenbüttel in Salzgitter (FH),Public,www.ostfalia.de,ostfalia.de,dns1.sonia.de.,False,False,
251,Niedersachsen,Hochschule Hannover (FH),Public,www.hs-hannover.de,hs-hannover.de,dns1.hs-hannover.de.,False,False,
253,Niedersachsen,Hochschule Hildesheim/Holzminden/Göttingen in Göttingen (FH),Public,www.hawk.de,hawk.de,pandora.hawk-hhg.de.,False,False,
252,Niedersachsen,"Hochschule Weserbergland (HSW), Hameln (FH)",Private,www.hsw-hameln.de,hsw-hameln.de,ns.ui-global-dns.com.,True,True,RSASHA256
254,Niedersachsen,Hochschule Wilhelmshaven/Oldenburg/Elsfleth in Elsfleth (FH),Public,www.jade-hs.de,jade-hs.de,dns-2.dfn.de.,False,False,
255,Niedersachsen,Hochschule Osnabrück in Osnabrück (FH),Public,www.hs-osnabrueck.de,hs-osnabrueck.de,dns-1.serv.uni-osnabrueck.de.,False,False,
256,Niedersachsen,"Hochschule21, Buxtehude (FH)",Private,www.hs21.de,hs21.de,ns1.iphh.de.,False,False,
257,Niedersachsen,FH für Interkulturelle Theologie Hermannsburg (FH),Private,www.fh-hermannsburg.de,fh-hermannsburg.de,ns81.domaincontrol.com.,False,False,
258,Niedersachsen,Fachhochschule für die Wirtschaft Hannover (FHDW) (FH),Private,www.fhdw-hannover.de,fhdw-hannover.de,amalia.ns.cloudflare.com.,False,False,
259,Niedersachsen,FH Ottersberg (FH),Private,www.hks-ottersberg.de,hks-ottersberg.de,ns1037.ui-dns.de.,False,False,
260,Niedersachsen,H für Wirtschaft und Technik Vechta/Diepholz in Diepholz (FH),Private,www.phwt.de,phwt.de,docks19.rzone.de.,False,False,
234,Hamburg,Brand University Hamburg (FH),Private,www.brand-university.de,brand-university.de,,False,False,
261,Niedersachsen,Leibniz - Fachhochschule Hannover (FH),Private,www.leibniz-fh.de,leibniz-fh.de,ns01.agenturserver.it.,False,False,
263,Nordrhein-Westfalen,FH Bielefeld in Bielefeld,Public,www.fh-bielefeld.de,fh-bielefeld.de,dns-2.dfn.de.,False,False,
264,Nordrhein-Westfalen,Hochschule Bochum (FH) in Bochum,Public,www.hochschule-bochum.de,hochschule-bochum.de,deneb.dfn.de.,False,False,
262,Nordrhein-Westfalen,FH Aachen in Aachen,Public,www.fh-aachen.de,fh-aachen.de,solaris.dvz.fh-aachen.de.,False,False,
265,Nordrhein-Westfalen,Hochschule für Gesundheit Bochum (FH),Public,www.hs-gesundheit.de,hs-gesundheit.de,ns81.domaincontrol.com.,False,False,
267,Nordrhein-Westfalen,FH Dortmund,Public,www.fh-dortmund.de,fh-dortmund.de,ns.inwx.de.,True,True,ECDSAP256SHA256
268,Nordrhein-Westfalen,H Düsseldorf (FH),Public,www.hs-duesseldorf.de,hs-duesseldorf.de,deneb.dfn.de.,False,False,
269,Nordrhein-Westfalen,Westfälische H in Gelsenkirchen/Bocholt/Recklinghausen (FH) in Bocholt,Public,www.w-hs.de,w-hs.de,deneb.dfn.de.,False,False,
266,Nordrhein-Westfalen,H Bonn-Rhein-Sieg in Rheinbach (FH),Public,www.h-brs.de,h-brs.de,nsd6.schlundtech.de.,False,False,
270,Nordrhein-Westfalen,H Hamm-Lippstadt in Hamm (FH),Public,www.hshl.de,hshl.de,nsa2.schlundtech.de.,False,False,
271,Nordrhein-Westfalen,Technische Hochschule Köln (FH) in Gummersbach,Public,www.th-koeln.de,th-koeln.de,dns-1.dfn.de.,False,False,
273,Nordrhein-Westfalen,FH Münster in Münster,Public,www.fh-muenster.de,fh-muenster.de,ns01.fh-muenster.de.,False,False,
272,Nordrhein-Westfalen,TH Ostwestfalen-Lippe in Lemgo/Detmold/Höxter in Detmold (FH),Public,www.th-owl.de,th-owl.de,serval.noc.th-owl.de.,True,True,RSASHA256
274,Nordrhein-Westfalen,H Niederrhein in Krefeld (FH),Public,www.hs-niederrhein.de,hs-niederrhein.de,deneb.dfn.de.,False,False,
275,Nordrhein-Westfalen,H Rhein-Waal in Kleve (FH),Public,www.hochschule-rhein-waal.de,hochschule-rhein-waal.de,ns1093.ui-dns.de.,False,False,
278,Nordrhein-Westfalen,Fliedner Fachhochschule Düsseldorf (FH),Private,www.fliedner-fachhochschule.de,fliedner-fachhochschule.de,ns01.agenturserver.co.,False,False,
276,Nordrhein-Westfalen,FH Südwestfalen in Hagen,Public,www.fh-swf.de,fh-swf.de,dnsis.fh-swf.de.,False,False,
279,Nordrhein-Westfalen,"Kolping H, Köln (FH)",Private,www.kolping-hochschule.de,kolping-hochschule.de,ns5.kasserver.com.,False,False,
280,Nordrhein-Westfalen,TH Georg Agricola Bochum (FH),Private,www.thga.de,thga.de,deneb.dfn.de.,False,False,
282,Nordrhein-Westfalen,H für Finanzwirtschaft & Management Bonn (FH),Private,www.s-hochschule.de,s-hochschule.de,docks01.rzone.de.,False,False,
283,Nordrhein-Westfalen,IST-Hochschule für Management Düsseldorf (FH),Private,www.ist-hochschule.de,ist-hochschule.de,ns2.domainkunden.de.,False,False,
281,Nordrhein-Westfalen,EBZ Business School Bochum (FH),Private,www.ebz-business-school.de,ebz-business-school.de,ns04.netzfactor.org.,False,False,
285,Nordrhein-Westfalen,"CBS International Business School, Campus Köln (FH)",Private,cbs.de,cbs.de,coco.ns.cloudflare.com.,False,False,
277,Nordrhein-Westfalen,H Ruhr-West (FH) in Bottrop,Public,www.hochschule-ruhr-west.de,hochschule-ruhr-west.de,dns-1.dfn.de.,True,True,RSASHA256
284,Nordrhein-Westfalen,SRH Hochschule Nordrhein-Westfalen Hamm in Hamm (FH),Private,www.srh-hochschule-nrw.de,srh-hochschule-nrw.de,b.regfish-ns.net.,False,False,
287,Nordrhein-Westfalen,FH der Wirtschaft Paderborn in Bergisch-Gladbach (FH),Private,www.fhdw.de,fhdw.de,amalia.ns.cloudflare.com.,True,True,ECDSAP256SHA256
286,Nordrhein-Westfalen,Rheinische FH Köln in Köln (FH),Private,www.rfh-koeln.de,rfh-koeln.de,dns2.rfh-koeln.de.,False,False,
288,Nordrhein-Westfalen,FH der Diakonie Bielefeld-Bethel (FH),Private,www.fh-diakonie.de,fh-diakonie.de,ns1.md44.de.,False,False,
290,Nordrhein-Westfalen,Kath. Hochschule Nordrhein-Westfalen in Aachen (FH),Private,www.katho-nrw.de,katho-nrw.de,ns1.domaindiscount24.net.,False,False,
289,Nordrhein-Westfalen,"Evang. Hochschule Rheinland-Westfalen-Lippe, Bochum (FH)",Private,www.evh-bochum.de,evh-bochum.de,dns2.evh-bochum.de.,False,False,
292,Rheinland-Pfalz,Hochschule Kaiserslautern in Kaiserslautern (FH),Public,www.hs-kl.de,hs-kl.de,ns1.hs-kl.de.,False,False,
291,Rheinland-Pfalz,Technische Hochschule Bingen (FH),Public,www.th-bingen.de,th-bingen.de,aixdfn.th-bingen.de.,False,False,
293,Rheinland-Pfalz,Hochschule Koblenz (FH) in Höhr-Grenzhausen,Public,www.hs-koblenz.de,hs-koblenz.de,ns1.uni-koblenz.de.,False,False,
294,Rheinland-Pfalz,Hochschule für Wirtschaft und Gesellschaft Ludwigshafen (FH),Public,www.hwg-lu.de,hwg-lu.de,struppi.fh-ludwigshafen.de.,False,False,
295,Rheinland-Pfalz,Hochschule Mainz (FH),Public,www.hs-mainz.de,hs-mainz.de,newton.hs-mainz.de.,False,False,
297,Rheinland-Pfalz,Hochschule Worms (FH),Public,www.hs-worms.de,hs-worms.de,ns-sec.hs-worms.de.,False,False,
296,Rheinland-Pfalz,Hochschule Trier (FH) in Birkenfeld,Public,www.hochschule-trier.de,hochschule-trier.de,dns.fh-trier.de.,True,True,RSASHA256
298,Rheinland-Pfalz,Katholische Hochschule Mainz (FH),Private,www.kh-mz.de,kh-mz.de,ns2.telekom-domains.de.,True,True,RSASHA256
299,Rheinland-Pfalz,Cusanus Hochschule für Gesellschaftsgestaltung Bernkastel-Kues (FH),Private,www.cusanus-hochschule.de,cusanus-hochschule.de,ns6.kasserver.com.,False,False,
300,Saarland,H für Technik und Wirtschaft des Saarlandes Saarbrücken (FH),Public,www.htwsaar.de,htwsaar.de,ns.htw-saarland.de.,False,False,
301,Saarland,"Deutsche Hochschule für Prävention und Gesundheitsmanagement, Saarbrücken (FH)",Private,www.dhfpg.de,dhfpg.de,ns3.routing.net.,False,False,
303,Sachsen,"H für Technik, Wirtschaft und Kultur Leipzig, Hochschule für angewandte Wissenschaften (FH)",Public,www.htwk-leipzig.de,htwk-leipzig.de,dns-3.dfn.de.,False,False,
302,Sachsen,"H für Technik und Wirtschaft Dresden, Hochschule für angewandte Wissenschaften (FH)",Public,www.htw-dresden.de,htw-dresden.de,hp1.rz.htw-dresden.de.,False,False,
307,Sachsen,Evangelische Hochschule Dresden in Dresden (FH),Private,www.ehs-dresden.de,ehs-dresden.de,ns11.domaincontrol.com.,False,False,
304,Sachsen,"H Mittweida (University of Applied Sciences), Hochschule für angewandte Wissenschaften (FH)",Public,www.hs-mittweida.de,hs-mittweida.de,eris.hrz.tu-chemnitz.de.,False,False,
305,Sachsen,"H Zittau/Görlitz, Hochschule für angewandte Wissenschaften (FH)",Public,www.hszg.de,hszg.de,sirius.hrz.hszg.de.,False,False,
308,Sachsen,Fachhochschule Dresden (FH),Private,www.fh-dresden.eu,fh-dresden.eu,ns27.domaincontrol.com.,False,False,
306,Sachsen,"Westsächsische H Zwickau, Hochschule für angewandte Wissenschaften (FH)",Public,www.fh-zwickau.de,fh-zwickau.de,zeus2.hrz.fh-zwickau.de.,False,False,
309,Sachsen-Anhalt,H Anhalt in Bernburg (FH),Public,www.hs-anhalt.de,hs-anhalt.de,dns-1.dfn.de.,False,False,
310,Sachsen-Anhalt,H Magdeburg-Stendal in Magdeburg (FH),Public,www.h2.de,h2.de,ns-sdl.zki.hs-magdeburg.de.,False,False,
313,Schleswig-Holstein,"FH Westküste, Heide",Public,www.fh-westkueste.de,fh-westkueste.de,ns2.rz.uni-kiel.de.,False,False,
312,Schleswig-Holstein,Hochschule Flensburg (FH),Public,www.hs-flensburg.de,hs-flensburg.de,dns1.fh-flensburg.de.,False,False,
314,Schleswig-Holstein,FH Kiel,Public,www.fh-kiel.de,fh-kiel.de,dns-1.dfn.de.,False,False,
315,Schleswig-Holstein,Technische Hochschule Lübeck (FH),Public,www.th-luebeck.de,th-luebeck.de,dns-1.dfn.de.,False,False,
316,Schleswig-Holstein,Hochschule der Wirtschaft (Nordakademie) Elmshorn (FH),Private,www.nordakademie.de,nordakademie.de,dns-2.dfn.de.,False,False,
318,Schleswig-Holstein,"DHSH - Duale Hochschule Schleswig-Holstein, Kiel (FH)",Private,www.dhsh.de,dhsh.de,ns2.dnspartner.de.,False,False,
317,Schleswig-Holstein,FH Wedel (FH),Private,www.fh-wedel.de,fh-wedel.de,nsnext.fh-wedel.de.,False,False,
320,Thüringen,Ernst-Abbe-Hochschule Jena (FH),Public,www.eah-jena.de,eah-jena.de,deneb.dfn.de.,False,False,
319,Thüringen,FH Erfurt,Public,www.fh-erfurt.de,fh-erfurt.de,deneb.dfn.de.,False,False,
321,Thüringen,Hochschule Nordhausen (FH),Public,www.hs-nordhausen.de,hs-nordhausen.de,deneb.dfn.de.,False,False,
323,Thüringen,SRH FH für Gesundheit Gera (FH),Private,www.srh-gesundheitshochschule.de,srh-gesundheitshochschule.de,dns3.belwue.de.,False,False,
322,Thüringen,Hochschule Schmalkalden (FH),Public,www.hs-schmalkalden.de,hs-schmalkalden.de,mars-two.hs-schmalkalden.de.,False,False,
324,Baden-Württemberg,FH für öffentliche Verwaltung Kehl (Verw-FH),Public,www.hs-kehl.de,hs-kehl.de,dns5.belwue.de.,False,False,
325,Baden-Württemberg,Hochschule Ludwigsburg für öffentliche Verwaltung und Finanzen (Verw-FH),Public,www.hs-ludwigsburg.de,hs-ludwigsburg.de,dns5.belwue.de.,False,False,
326,Baden-Württemberg,FH für Rechtspflege Schwetzingen (Verw-FH),Public,www.fh-schwetzingen.de,fh-schwetzingen.de,ns1106.ui-dns.org.,False,False,
328,Bayern,Hochschule für den öffentlichen Dienst in Bayern Standort Fürstenfeldbruck (Polizei) (Verw-FH),Public,www.fhvr.bayern.de,bayern.de,ns2.bayern.de.,True,True,RSASHA256
327,Baden-Württemberg,Staatl. H für Polizei Villingen-Schwenningen (Verw-FH),Public,www.hfpol-bw.de,hfpol-bw.de,dns1.belwue.de.,False,False,
329,Brandenburg,Hochschule der Polizei Brandenburg in Oranienburg (Verw-FH),Public,hpolbb.de,hpolbb.de,ns4.stratoserver.net.,False,False,
330,Bremen,H für öffentliche Verwaltung Bremen (Verw-FH),Public,www.hfoev.bremen.de,bremen.de,ns.inwx.de.,False,False,
331,Hamburg,Akademie der Polizei Hamburg (Verw-FH),Public,akademie-der-polizei.hamburg.de,hamburg.de,ns1.mcs.de.,False,False,
332,Hessen,FH für Archivwesen Marburg (Verw-FH),Public,www.archivschule.de,archivschule.de,d.ns14.net.,False,False,
333,Hessen,Hessische Hochschule für Finanzen und Rechtspflege Rotenburg (Verw-FH),Public,studienzentrum-rotenburg.hessen.de,hessen.de,ns.s.plusline.de.,False,False,
335,Mecklenburg-Vorpommern,"FH für öffentliche Verwaltung, Polizei und Rechtspflege in Güstrow (Verw-FH)",Public,www.fh-guestrow.de,fh-guestrow.de,root-dns.netcup.net.,False,False,
334,Hessen,Hessische Hochschule für Polizei und Verwaltung Wiesbaden in Gießen (Verw-FH),Public,hoems.hessen.de,hessen.de,dns040.hessen.de.,False,False,
337,Nordrhein-Westfalen,FH für Rechtspflege NW in Bad Münstereifel (Verw-FH),Public,www.fhr.nrw.de,nrw.de,deneb.dfn.de.,False,False,
336,Niedersachsen,Norddeutsche Hochschule für Rechtspflege Hildesheim (Verw-FH),Public,www.hr-nord.niedersachsen.de,niedersachsen.de,dns4.niedersachsen.info.,False,False,
338,Nordrhein-Westfalen,Hochschule für Polizei und öffentliche Verwaltung NW in Aachen (Verw-FH),Public,www.hspv.nrw.de,nrw.de,deneb.dfn.de.,False,False,
340,Rheinland-Pfalz,"Hochschule für öffentliche Verwaltung Rheinland-Pfalz (HöV) Mayen, FB Innere Verwaltung in Mayen",Public,hoev-rlp.de,hoev-rlp.de,ns1094.ui-dns.biz.,False,False,
339,Rheinland-Pfalz,Hochschule für Finanzen Rheinland-Pfalz (HFin) in Edenkoben (Verw-FH),Public,landesfinanzschule-edenkoben.fin-rlp.de,fin-rlp.de,ns-a.ktk.de.,False,False,
341,Sachsen-Anhalt,"FH Polizei Sachsen-Anhalt, Aschersleben (Verw-FH)",Public,fh-polizei.sachsen-anhalt.de,sachsen-anhalt.de,lsa-st1414.sachsen-anhalt.de.,False,False,
342,Schleswig-Holstein,FH für Verwaltung und Dienstleistung Altenholz in Altenholz (Verw-FH),Public,www.fhvd-sh.de,fhvd-sh.de,ns5.kasserver.com.,False,False,
343,Thüringen,Thüringer FH für öffentliche Verwaltung Gotha (Verw-FH),Public,bildungszentrum.thueringen.de,thueringen.de,thldns003.toringi.net.,False,False,
344,Berlin,Touro College Berlin (FH),Private,www.touroberlin.de,touroberlin.de,ns2.jweiland.net.,False,False,
345,Berlin,Hertie School of Governance Berlin (U),Private,www.hertie-school.org,hertie-school.org,ns.udag.org.,False,False,
346,Berlin,Steinbeis-H Berlin (U),Private,www.steinbeis-hochschule.de,steinbeis-hochschule.de,ns.ludwigsburg.net.,False,False,
347,Hamburg,H für Musik und Theater Hamburg (Kunst-H),Public,www.hfmt-hamburg.de,hfmt-hamburg.de,authdns1.rz.tuhh.de.,True,True,RSASHA256
350,Baden-Württemberg,Wissenschaftliche H Bierbronnen (U),Private,www.siewerth-akademie.de,siewerth-akademie.de,ns2.ns-serve.net.,False,False,
348,Sachsen-Anhalt,H Harz in Halberstadt (FH),Public,www.hs-harz.de,hs-harz.de,star.hs-harz.de.,False,False,
349,Baden-Württemberg,U Mannheim,Public,www.uni-mannheim.de,uni-mannheim.de,dns3.uni-mannheim.de.,True,True,ECDSAP384SHA384
351,Bayern,Technische Universität Nürnberg,Public,www.utn.de,utn.de,ns1.rrze.uni-erlangen.de.,False,False,
352,Berlin,Charité - Universitätsmedizin Berlin,Public,www.charite.de,charite.de,dns-3.dfn.de.,False,False,
354,Rheinland-Pfalz,Theol. H Vallendar (Theol. H),Private,www.pthv.de,pthv.de,ns1115.ui-dns.com.,False,False,
355,Hessen,"H der Deutschen Gesetzl. Unfallversicherung, Bad Hersfeld (FH)",Private,www.dguv.de,dguv.de,pns.dtag.de.,False,False,
353,Berlin,German International University Berlin (U),Private,www.giu-berlin.de,giu-berlin.de,ns.checkdomain.de.,False,False,
356,Hessen,Promotionszentrum Soziale Arbeit,Public,www.promotionszentrum-soziale-arbeit.de,promotionszentrum-soziale-arbeit.de,cardassia.itda.h-da.de.,False,False,
358,Sachsen,Hochschule für Telekommunikation Leipzig (FH),Private,www.hft-leipzig.de,hft-leipzig.de,ns1.telekom.net.,False,False,
359,Sachsen,SRH Berlin University of Applied Sciences in Dresden (FH),Private,www.srh-campus-dresden.de,srh-campus-dresden.de,c.regfish-ns.net.,False,False,
357,Hessen,Promotionszentrum Angewandte Informatik,Public,pzai.de,pzai.de,sylt.itda.h-da.de.,False,False,
360,Hamburg,Berufsakademie Hamburg (BA),Private,www.ba-hamburg.de,ba-hamburg.de,ns.udag.de.,False,False,
361,Hamburg,"Berufsakademie Nord GmbH, University of Cooperative Education Hamburg (BA)",Private,Studieren-ba-nord.de,Studieren-ba-nord.de,docks17.rzone.de.,False,False,
362,Hessen,Akademie für Tonkunst Darmstadt,Public,www.akademie-fuer-tonkunst.de,akademie-fuer-tonkunst.de,ns13.domaincontrol.com.,False,False,
363,Hessen,Berufsakademie Rhein-Main Rödermark (BA),Private,studenten.ba-rm.de,ba-rm.de,ns81.domaincontrol.com.,False,False,
365,Hessen,Deutsche Berufsakademie Sport und Gesundheit (dba) in Baunatal (BA),Private,www.dba-baunatal.de,dba-baunatal.de,ns1116.ui-dns.de.,False,False,
366,Hessen,Dr. Hoch's Konservatorium - Musikakademie Frankfurt am Main,Public,www.dr-hochs.de,dr-hochs.de,ns1114.ui-dns.de.,False,False,
364,Hessen,Brüder-Grimm-Berufsakademie Hanau (BA),Private,www.bg-ba.de,bg-ba.de,dns1.aspiria.de.,False,False,
367,Hessen,Europäische Studienakademie Kälte-Klima-Lüftung (ESaK) Maintal (BA),Private,www.esak.de,esak.de,ns09.domaincontrol.com.,False,False,
369,Hessen,"Intern. Berufsakademie der F+U Unternehmensgruppe Darmstadt (iba), Studienort Berlin ()",Private,www.ibadual.com,ibadual.com,ns1-ipv6.netbuild.net.,False,False,
368,Hessen,"Hessische Berufsakademie Frankfurt, Studienort Frankfurt (BA)",Private,www.hessische-ba.de,hessische-ba.de,ns02.netzfactor.org.,False,False,
371,Hessen,Wiesbadener Musikakademie (WMA),Public,www.wma-wiesbaden.de,wma-wiesbaden.de,ns01.agenturserver.co.,False,False,
372,Niedersachsen,Berufsakademie Holztechnik Melle (BA),Private,www.ba-melle.de,ba-melle.de,ns6.kasserver.com.,False,False,
373,Niedersachsen,"Berufsakademie für Bankwirtschaft Hannover-Rastede, Studienort Hannover (BA)",Private,www.ba-bankwirtschaft.de,ba-bankwirtschaft.de,a.ns14.net.,False,False,
370,Hessen,Berufsakademie Fulda,Private,www.ba-fulda.de,ba-fulda.de,nsc2.schlundtech.de.,False,False,
374,Niedersachsen,Berufsakademie für IT und Wirtschaft Oldenburg (BA),Private,www.ibs-ol.de,ibs-ol.de,ns1024.ui-dns.biz.,False,False,
375,Niedersachsen,Berufsakademie Göttingen (BA),Private,www.vwa-goettingen.de,vwa-goettingen.de,ns3.spaceverb.net.,False,False,
377,Niedersachsen,Berufsakademie Welfenakademie Braunschweig (BA),Private,welfenakademie.de,welfenakademie.de,ns1.your-server.de.,False,False,
376,Niedersachsen,Berufsakademie Lüneburg (BA),Private,www.vwa-lueneburg.de,vwa-lueneburg.de,ns1.spaceverb.net.,False,False,
379,Saarland,ASW - Berufsakademie Saarland Neunkirchen (BA),Private,www.asw-berufsakademie.de,asw-berufsakademie.de,dns1.infoserve.de.,False,False,
378,Niedersachsen,Berufsakademie Wilhelmshaven (BA),Private,Berufsakademie-wilhelmshaven.de,Berufsakademie-wilhelmshaven.de,ns2.idata-systems.net.,False,False,
380,Saarland,"BA GSS - Berufsakademie für Gesundheits- und Sozialwesen Saarland gGmbH, Saarbrücken (BA)",Private,www.shg-kliniken.de,shg-kliniken.de,ns2.teresto.net.,False,False,
381,Saarland,"ISBA gGmbH - Internationale Studien- und Berufsakademie, Saarbrücken (BA)",Private,www.isba-studium.de,isba-studium.de,ns1.net-server.de.,False,False,
382,Saarland,"Berufsakademie Heimerer GmbH, Quierschied (BA)",Private,www.heimerer.de,heimerer.de,ns71.domaincontrol.com.,False,False,
385,Sachsen,"Berufsakademie Sachsen - Staatliche Studienakademie, Studienort Dresden",Public,www.ba-dresden.de,ba-dresden.de,208.67.222.222.ba-dresden.de.,False,False,
383,Sachsen,"Berufsakademie Sachsen - Staatliche Studienakademie, Studienort Bautzen",Public,www.ba-bautzen.de,ba-bautzen.de,ns1.dssax.de.,False,False,
388,Sachsen,"Berufsakademie Sachsen - Staatliche Studienakademie, Studienort Riesa",Public,www.ba-riesa.de,ba-riesa.de,208.67.222.222.ba-riesa.de.,False,False,
384,Sachsen,"Berufsakademie Sachsen - Staatliche Studienakademie, Studienort Breitenbrunn",Public,www.ba-breitenbrunn.de,ba-breitenbrunn.de,ns1.dssax.de.,False,False,
386,Sachsen,"Berufsakademie Sachsen - Staatliche Studienakademie, Studienort Glauchau",Public,www.ba-glauchau.de,ba-glauchau.de,ns1.dssax.de.,False,False,
387,Sachsen,"Berufsakademie Sachsen - Staatliche Studienakademie, Studienort Leipzig",Public,www.ba-leipzig.de,ba-leipzig.de,ns1.dssax.de.,False,False,
389,Sachsen,"Berufsakademie Sachsen - Staatliche Studienakademie, Studienort Plauen",Public,www.ba-plauen.de,ba-plauen.de,ns1.dssax.de.,False,False,
390,Niedersachsen,PFH - Private Hochschule Göttingen,Private,www.pfh.de,pfh.de,nsc4.schlundtech.de.,False,False,
394,Nordrhein-Westfalen,Hochschule für Finanzen NRW,Public,www.finanzverwaltung.nrw.de,nrw.de,deneb.dfn.de.,False,False,
392,Baden-Württemberg,Hochschule für Kirchenmusik der Evangelischen Landeskirche in Baden,Private,www.hfk-heidelberg.de,hfk-heidelberg.de,shades18.rzone.de.,False,False,
391,Hamburg,Norddeutsche Akademie für Finanzen und Steuerrecht,Public,www.hamburg.de,hamburg.de,ns1.mcs.de.,False,False,
395,Rheinland-Pfalz,Hochschule der Polizei Rheinland-Pfalz,Public,www.polizei.rlp.de,rlp.de,ns02.versatel.de.,False,False,
393,Niedersachsen,Polizeiakademie Niedersachsen,Public,www.pa.polizei-nds.de,polizei-nds.de,dns2.niedersachsen.de.,False,False,
397,Saarland,Fachhochschule der Verwaltung des Saarlandes,Public,www.saarland.de,saarland.de,ns4.teresto.net.,False,False,
396,Baden-Württemberg,Hochschule für Kirchenmusik der Diözese Rottenburg-Stuttgart,Private,www.kirchenmusik-hochschule.org,kirchenmusik-hochschule.org,ns2.ns-serve.net.,False,False,
399,Baden-Württemberg,Hochschule für Kirchenmusik der Evangelischen Landeskirche in Württemberg,Private,www.kirchenmusikhochschule.de,kirchenmusikhochschule.de,ns.second-ns.com.,False,False,
400,Rheinland-Pfalz,Vinzenz Pallotti University,Private,vp-uni.de,vp-uni.de,ns1048.ui-dns.org.,False,False,
398,Sachsen,Hochschule der Sächsischen Polizei (FH),Public,www.polizei.sachsen.de,sachsen.de,S2VG300NS03.pzd-svn.de.,False,False,
402,Bayern,U der Bundeswehr München (FB Universitätsstudiengänge),Public,www.unibw.de,unibw.de,dns03.rz.unibw-muenchen.de.,False,False,
401,Baden-Württemberg,H für jüdische Studien Heidelberg (U),Private,www.hfjs.eu,hfjs.eu,dns2.uni-heidelberg.de.,False,False,
403,Hamburg,Helmut-Schmidt-Universität Hamburg,Public,www.hsu-hh.de,hsu-hh.de,dns-3.dfn.de.,False,False,
404,Hessen,Theologische H Ewersbach in Dietzhölztal (Theol. H),Private,Th-ewersbach.de,Th-ewersbach.de,ns4.feg.de.,False,False,
407,Rheinland-Pfalz,Hochschule der Deutschen Bundesbank Hachenburg (Verw-FH),Public,www.hochschule-bundesbank.de,hochschule-bundesbank.de,ns3-any.123ns.eu.,False,False,
405,Baden-Württemberg,Internationale Hochschule Liebenzell (FH),Private,Www.ihl.eu,ihl.eu,a.ns14.net.,False,False,
406,Niedersachsen,"Kommunale H für Verwaltung in Niedersachsen, Hannover (Verw-FH)",Private,www.nsi-hsvn.de,nsi-hsvn.de,ns.pop-hannover.de.,False,False,
409,Brandenburg,HMU Health and Medical University Potsdam (U),Private,www.health-and-medical-university.de,health-and-medical-university.de,docks19.rzone.de.,False,False,
408,Baden-Württemberg,Hochschule der Bundesagentur für Arbeit in Mannheim (FH),Public,www.hdba.de,hdba.de,ns43.domaincontrol.com.,False,False,
410,Nordrhein-Westfalen,"Deutsche Hochschule der Polizei, Münster (U)",Public,www.dhpol.de,dhpol.de,ns2.telekom-domains.de.,False,False,
411,Bayern,H für Philosophie München (Theol. H),Private,www.hfph.de,hfph.de,dns3.lrz.eu.,True,True,RSASHA256
412,Bayern,Augustana-H Neuendettelsau (Theol. H),Private,www.augustana.de,augustana.de,ns81.domaincontrol.com.,False,False,
414,Hessen,Theol. Fakultät Fulda (Theol. H),Private,www.thf-fulda.de,thf-fulda.de,ns.udag.de.,False,False,
416,Baden-Württemberg,PH Freiburg i.Br.,Public,www.ph-freiburg.de,ph-freiburg.de,dns3.belwue.de.,False,False,
415,Hessen,Freie Theologische H (FTH) Gießen (Theol. H),Private,Www.fthgiessen.de,fthgiessen.de,ns01.agenturserver.de.,False,False,
413,Hessen,Phil.-Theol. H Frankfurt a.M. (Theol. H),Private,www.sankt-georgen.de,sankt-georgen.de,chaplin.rz.uni-frankfurt.de.,False,False,
418,Baden-Württemberg,PH Karlsruhe,Public,www.ph-karlsruhe.de,ph-karlsruhe.de,dns3.belwue.de.,False,False,
419,Baden-Württemberg,PH Ludwigsburg,Public,www.ph-ludwigsburg.de,ph-ludwigsburg.de,dns1.belwue.de.,False,False,
422,Nordrhein-Westfalen,H für Kirchenmusik Herford-Witten (Theol. H),Private,www.hochschule-kirchenmusik.de,hochschule-kirchenmusik.de,ns.udag.org.,False,False,
421,Baden-Württemberg,PH Weingarten,Public,www.ph-weingarten.de,ph-weingarten.de,dns1.belwue.de.,False,False,
420,Baden-Württemberg,PH Schwäbisch Gmünd,Public,www.ph-gmuend.de,ph-gmuend.de,dns1.belwue.de.,False,False,
423,Nordrhein-Westfalen,Phil.-Theol. H Münster (Theol. H),Private,www.pth-muenster.de,pth-muenster.de,ns1.domaindiscount24.net.,False,False,
425,Nordrhein-Westfalen,Kölner H für Katholische Theologie (Theol. H),Private,www.khkt.de,khkt.de,ns71.domaincontrol.com.,False,False,
424,Nordrhein-Westfalen,Theol. Fakultät Paderborn (Theol. H),Private,www.thf-paderborn.de,thf-paderborn.de,dns1.uni-paderborn.de.,False,False,
426,Baden-Württemberg,Duale Hochschule Baden-Württemberg,Public,www.dhbw.de,dhbw.de,dns1.belwue.de.,False,False,
429,Hamburg,MSH Medical School Hamburg (FH),Private,www.medicalschool-hamburg.de,medicalschool-hamburg.de,docks08.rzone.de.,False,False,
427,Baden-Württemberg,AKAD Hochschule Stuttgart (Fern-FH),Private,www.akad.de,akad.de,ns01.agenturserver.it.,False,False,
428,Hamburg,Berufliche Hochschule Hamburg (FH),Public,bhh.hamburg.de,hamburg.de,ns1.mcs.de.,False,False,
430,Hessen,Hochschule Geisenheim University (FH),Public,www.hs-geisenheim.de,hs-geisenheim.de,ns01.agenturserver.it.,False,False,
435,Berlin,"Europ. School of Management and Technology, Berlin (U)",Private,esmt.berlin,esmt.berlin,nsa7.schlundtech.de.,False,False,
434,Sachsen-Anhalt,Theol. H Friedensau (Theol. H),Private,www.thh-friedensau.de,thh-friedensau.de,cns2.cloudpit.com.,False,False,
432,Thüringen,Duale Hochschule Gera-Eisenach in Eisenach (FH),Public,www.dhge.de,dhge.de,tethys.ba-gera.de.,False,False,
431,Hessen,Wilhelm Büchner Hochschule Darmstadt (Fern-FH),Private,www.wb-fernstudium.de,wb-fernstudium.de,nsb6.schlundtech.de.,False,False,
433,Sachsen,Hochschule Meißen (FH) und Fortbildungszentrum (Verw-FH),Public,www.hsf.sachsen.de,sachsen.de,secondary006.dtag.net.,False,False,
437,Nordrhein-Westfalen,U Duisburg-Essen,Public,www.uni-due.org,uni-due.org,docks07.rzone.de.,False,False,
438,Rheinland-Pfalz,TU Kaiserslautern,Public,rptu.de,rptu.de,minnetonka.rhrk.uni-kl.de.,True,True,RSASHA1NSEC3SHA1
436,Niedersachsen,Medizinische H Hannover (U),Public,www.mhh.de,mhh.de,nsext2.mh-hannover.de.,False,False,
440,Saarland,Hochschule für Musik Saarbrücken (Kunst-H),Public,www.hfmsaar.de,hfmsaar.de,ns1.rz.uni-saarland.de.,False,False,
441,Baden-Württemberg,Technische Hochschule Ulm (FH),Public,studium.hs-ulm.de,hs-ulm.de,dns2.hs-ulm.de.,False,False,
439,Bayern,H für Musik und Theater München (Kunst-H),Public,www.hmtm.de,hmtm.de,dns3.lrz.eu.,True,True,RSASHA256
442,Baden-Württemberg,SRH Hochschule Heidelberg (FH),Private,www.srh-hochschule-heidelberg.de,srh-hochschule-heidelberg.de,c.regfish-ns.net.,False,False,
447,Thüringen,IU Internationale Hochschule Erfurt in Mannheim (FH),Private,www.iu.de,iu.de,ns-1141.awsdns-14.org.,False,False,
446,Rheinland-Pfalz,Theol. Fakultät Trier (Theol. H),Private,Theologie-trier.de,Theologie-trier.de,docks10.rzone.de.,False,False,
445,Hessen,Luth.-Theologische H Oberursel (Theol. H),Private,lthh.de,lthh.de,cns1.alfahosting.info.,False,False,
448,Nordrhein-Westfalen,H für Ökonomie und Management Essen,Private,www.fom.de,fom.de,ns03.netzfactor.org.,False,False,
443,Bayern,H für angewandte Wissenschaften Würzburg-Schweinfurt in Schweinfurt (FH),Public,www.thws.de,thws.de,ns2.fhws.de.,True,True,RSASHA256
444,Brandenburg,FH für Finanzen Brandenburg Königs Wusterhausen (Verw-FH),Public,fhf.brandenburg.de,brandenburg.de,ns1.brandenburg.de.,True,True,RSASHA256
450,Brandenburg,EU European University of Applied Sciences in Mannheim (FH),Private,www.ue-germany.com,ue-germany.com,ns-1144.awsdns-15.org.,False,False,
449,Nordrhein-Westfalen,International School of Management Dortmund in Stuttgart (FH),Private,www.ism.de,ism.de,ns1077.ui-dns.org.,False,False,
451,Berlin,IB Hochschule für Gesundheit und Soziales Berlin in Stuttgart (FH),Private,www.ib-hochschule.de,ib-hochschule.de,ns1.all-connect.net.,False,False,
452,Berlin,VICTORIA - Internationale Hochschule Berlin in Baden Baden (FH),Private,www.victoria-hochschule.de,victoria-hochschule.de,dns02-ipv6.nbgo.de.,False,False,
453,Berlin,Mediadesign Hochschule Berlin in München (FH),Private,www.mediadesign.de,mediadesign.de,ns.udag.de.,False,False,
454,Nordrhein-Westfalen,FH des Mittelstandes (FHM) in Bamberg (FH),Private,www.fh-mittelstand.de,fh-mittelstand.de,ns1074.ui-dns.com.,False,False,
456,Brandenburg,HSD Hochschule Döpfer Köln in Regensburg (FH),Private,www.hs-doepfer.de,hs-doepfer.de,ns81.domaincontrol.com.,False,False,
457,Nordrhein-Westfalen,Europäische FH (EUFH) in Rostock (FH),Private,www.eufh.de,eufh.de,jeremy.ns.cloudflare.com.,False,False,
455,Berlin,Deutsche Hochschule für Gesundheit und Sport Berlin in Ismaning (FH),Private,www.dhgs-hochschule.de,dhgs-hochschule.de,nsd9.schlundtech.de.,False,False,
458,Nordrhein-Westfalen,"Hochschule des Bundes für öffentliche Verwaltung, FB Bundeswehrverwaltung in Mannheim",Public,www.hsbund.de,hsbund.de,ns.udag.net.,False,False,
311,Sachsen-Anhalt,Hochschule Merseburg (FH),Public,www.hs-merseburg.de,hs-merseburg.de,ns.hs-merseburg.de.,False,False,
417,Baden-Württemberg,PH Heidelberg,Public,www.ph-heidelberg.de,ph-heidelberg.de,mta01.ph-heidelberg.de.,False,False,
