HEI name,Type,Region,Funding,URL,Comment
Fachhochschule Aachen,Fachhochschule,Nordrhein-Westfalen,Land,www.fh-aachen.de,x
Rheinisch-Westfälische Technische Hochschule Aachen,Universitäten,Nordrhein-Westfalen,Land,www.rwth-aachen.de,x
Hochschule Aalen - Technik und Wirtschaft,Fachhochschule,Baden-Württemberg,Land,www.hs-aalen.de,x
Hochschule Albstadt-Sigmaringen,Fachhochschule,Baden-Württemberg,Land,www.hs-albsig.de,x
Alanus Hochschule für Kunst und Gesellschaft,Kunsthochschulen,Nordrhein-Westfalen,Privat,www.alanus.edu,x
Ostbayerische Technische Hochschule Amberg-Weiden,Fachhochschule,Bayern,Land,www.oth-aw.de,x
Hochschule Anhalt - Anhalt University of Applied Sciences,Fachhochschule,Sachsen-Anhalt,Land,www.hs-anhalt.de,x
Hochschule für angewandte Wissenschaften Ansbach,Fachhochschule,Bayern,Land,www.hs-ansbach.de,x
Technische Hochschule Aschaffenburg,Fachhochschule,Bayern,Land,www.th-ab.de,x
Hochschule für angewandte Wissenschaften Augsburg - University of Applied Sciences,Fachhochschule,Bayern,Land,www.hs-augsburg.de,x
Universität Augsburg,Universitäten,Bayern,Land,www.uni-augsburg.de,x
Hochschule für Polizei Baden-Württemberg,Verwaltungsfachhochschulen,Baden-Württemberg,Land,www.hfpol-bw.de,x
Hochschule für Rechtspflege Schwetzingen,Verwaltungsfachhochschulen,Baden-Württemberg,Land,www.fh-schwetzingen.de,x
Hochschule für öffentliche Verwaltung und Finanzen Ludwigsburg,Verwaltungsfachhochschulen,Baden-Württemberg,Land,www.hs-ludwigsburg.de,x
Hochschule für öffentliche Verwaltung Kehl,Verwaltungsfachhochschulen,Baden-Württemberg,Land,www.hs-kehl.de,x
accadis Hochschule Bad Homburg,Fachhochschule,Hessen,Privat,www.accadis.com,x
Internationale Hochschule Liebenzell (IHL),Fachhochschule,Baden-Württemberg,Privat,www.ihl.eu,x
Otto-Friedrich-Universität Bamberg,Universitäten,Bayern,Land,www.uni-bamberg.de,x
Hochschule für den öffentlichen Dienst in Bayern,Verwaltungsfachhochschulen,Bayern,Land,www.fhvr.bayern.de,x
Hochschule für evangelische Kirchenmusik der Evangelisch-Lutherischen Kirche in Bayern,Kunsthochschulen,Bayern,Kirchlich,www.hfk-bayreuth.de,x
Universität Bayreuth,Universitäten,Bayern,Land,www.uni-bayreuth.de,x
Akkon-Hochschule,Fachhochschule,Berlin,Privat,www.akkon-hochschule.de,x
Alice Salomon Hochschule Berlin,Fachhochschule,Berlin,Land,www.ash-berlin.eu,x
bbw Hochschule,Fachhochschule,Berlin,Privat,www.bbw-hochschule.de,x
"Bard College Berlin, A Liberal Arts University",Universitäten,Berlin,Privat,www.berlin.bard.edu,x
Berliner Hochschule für Technik,Fachhochschule,Berlin,Land,www.bht-berlin.de,x
Berlin International University of Applied Sciences,Fachhochschule,Berlin,Privat,www.berlin-international.de,x
Barenboim-Said Akademie,Kunsthochschulen,Berlin,Privat,www.barenboimsaid.de,x
BSP Business and Law School - Hochschule für Management und Recht,Fachhochschule,Berlin,Privat,www.businessschool-berlin.de,x
CODE University of Applied Sciences,Fachhochschule,Berlin,Privat,code.berlin,x
Digital Business University of Applied Sciences,Fachhochschule,Berlin,Privat,dbuas.de,x
DEKRA Hochschule für Medien,Fachhochschule,Berlin,Privat,www.dekra-hochschule.de,x
DHGS Deutsche Hochschule für Gesundheit und Sport,Fachhochschule,Berlin,Privat,dhgs-hochschule.de,x
ESCP Europe Wirtschaftshochschule Berlin e.V.,Universitäten,Berlin,Privat,www.escp.eu,x
ESMT European School of Management and Technology,Universitäten,Berlin,Privat,www.esmt.org,x
Evangelische Hochschule Berlin,Fachhochschule,Berlin,Kirchlich,www.eh-berlin.de,x
Touro College Berlin,Fachhochschule,Berlin,Privat,www.touroberlin.de,x
Freie Universität Berlin,Universitäten,Berlin,Land,www.fu-berlin.de,x
Hochschule für angewandte Pädagogik,Fachhochschule,Berlin,Privat,www.hsap.de,x
Hertie School,Universitäten,Berlin,Privat,www.hertie-school.org,x
Hochschule für Musik Hanns Eisler Berlin,Kunsthochschulen,Berlin,Land,www.hfm-berlin.de,x
Hochschule für Schauspielkunst Ernst Busch,Kunsthochschulen,Berlin,Land,www.hfs-berlin.de,x
"HMKW Hochschule für Medien, Kommunikation und Wirtschaft",Fachhochschule,Berlin,Privat,www.hmkw.de,x
Hochschule für Technik und Wirtschaft Berlin,Fachhochschule,Berlin,Land,www.htw-berlin.de,x
Humboldt-Universität zu Berlin,Universitäten,Berlin,Land,www.hu-berlin.de,x
Hochschule für Wirtschaft und Recht Berlin,Fachhochschule,Berlin,Land,www.hwr-berlin.de,x
IB Hochschule für Gesundheit und Soziales,Fachhochschule,Berlin,Privat,www.ib-hochschule.de,x
International Psychoanalytic University Berlin,Universitäten,Berlin,Privat,www.ipu-berlin.de,x
Katholische Hochschule für Sozialwesen Berlin (KHSB) - Staatlich anerkannte Fachhochschule für Sozialwesen,Fachhochschule,Berlin,Kirchlich,www.khsb-berlin.de,x
Mediadesign Hochschule für Design und Informatik,Fachhochschule,Berlin,Privat,www.mediadesign.de,x
Medical School Berlin - Hochschule für Gesundheit und Medizin (MSB),Fachhochschule,Berlin,Privat,www.medicalschool-berlin.de,x
Psychologische Hochschule Berlin (PHB),Universitäten,Berlin,Privat,www.psychologische-hochschule.de,x
Quadriga Hochschule Berlin,Fachhochschule,Berlin,Privat,www.quadriga-hochschule.com,x
Steinbeis-Hochschule Berlin,Universitäten,Berlin,Privat,www.steinbeis-hochschule.de,x
SRH Berlin University of Applied Sciences,Fachhochschule,Berlin,Privat,www.srh-berlin.de,x
Technische Universität Berlin,Universitäten,Berlin,Land,www.tu.berlin,x
Universität der Künste Berlin,Kunsthochschulen,Berlin,Land,www.udk-berlin.de,x
VICTORIA | Internationale Hochschule,Fachhochschule,Berlin,Privat,www.victoria-hochschule.de,x
weißensee kunsthochschule berlin,Kunsthochschulen,Berlin,Land,www.kh-berlin.de,x
"Hochschule Biberach - Hochschule für Architektur und Bauwesen, Betriebswirtschaft und Biotechnologie",Fachhochschule,Baden-Württemberg,Land,www.hochschule-biberach.de,x
Fachhochschule Bielefeld,Fachhochschule,Nordrhein-Westfalen,Land,www.fh-bielefeld.de,x
Fachhochschule der Diakonie - Diaconia - University of Applied Sciences,Fachhochschule,Nordrhein-Westfalen,Kirchlich,www.fh-diakonie.de,x
Fachhochschule des Mittelstands (FHM),Fachhochschule,Nordrhein-Westfalen,Privat,www.fh-mittelstand.de,x
Universität Bielefeld,Universitäten,Nordrhein-Westfalen,Land,www.uni-bielefeld.de,x
Technische Hochschule Bingen,Fachhochschule,Rheinland-Pfalz,Land,www.th-bingen.de,x
EBZ Business School - University of Applied Sciences,Fachhochschule,Nordrhein-Westfalen,Privat,www.ebz-business-school.de,x
Hochschule Bochum - University of Applied Sciences,Fachhochschule,Nordrhein-Westfalen,Land,www.hochschule-bochum.de,x
Hochschule für Gesundheit - University of Applied Sciences,Fachhochschule,Nordrhein-Westfalen,Land,www.hs-gesundheit.de,x
Evangelische Hochschule Rheinland-Westfalen-Lippe,Fachhochschule,Nordrhein-Westfalen,Kirchlich,www.evh-bochum.de,x
Technische Hochschule Georg Agricola,Fachhochschule,Nordrhein-Westfalen,Privat,www.thga.de,x
Ruhr-Universität Bochum,Universitäten,Nordrhein-Westfalen,Land,www.ruhr-uni-bochum.de,x
Hochschule für Finanzwirtschaft & Management,Fachhochschule,Nordrhein-Westfalen,Privat,www.s-hochschule.de,x
"Hochschule Bonn-Rhein-Sieg, University of Applied Sciences",Fachhochschule,Nordrhein-Westfalen,Land,www.h-brs.de,x
Rheinische Friedrich-Wilhelms-Universität Bonn,Universitäten,Nordrhein-Westfalen,Land,www.uni-bonn.de,x
Fachhochschule für Finanzen Brandenburg,Verwaltungsfachhochschulen,Brandenburg,Land,fhf.brandenburg.de,x
Fachhochschule der Polizei Brandenburg,Verwaltungsfachhochschulen,Brandenburg,Land,hpolbb.de,x
Technische Hochschule Brandenburg,Fachhochschule,Brandenburg,Land,www.th-brandenburg.de,x
Hochschule für Bildende Künste Braunschweig,Kunsthochschulen,Niedersachsen,Land,www.hbk-bs.de,x
Technische Universität Carolo-Wilhelmina zu Braunschweig,Universitäten,Niedersachsen,Land,www.tu-braunschweig.de,x
APOLLON Hochschule der Gesundheitswirtschaft,Fachhochschule,Bremen,Privat,www.apollon-hochschule.de,x
Hochschule Bremen,Fachhochschule,Bremen,Land,www.hs-bremen.de,x
Hochschule für Künste Bremen,Kunsthochschulen,Bremen,Land,www.hfk-bremen.de,x
Jacobs University Bremen,Universitäten,Bremen,Privat,www.jacobs-university.de,x
Universität Bremen,Universitäten,Bremen,Land,www.uni-bremen.de,x
Hochschule für Öffentliche Verwaltung Bremen,Verwaltungsfachhochschulen,Bremen,Land,www.hfoev.bremen.de,x
Hochschule Bremerhaven,Fachhochschule,Bremen,Land,www.hs-bremerhaven.de,x
"Europäische Fachhochschule Rhein/Erft, european university of applied sciences",Fachhochschule,Nordrhein-Westfalen,Privat,www.eufh.de,x
Hochschule des Bundes für öffentliche Verwaltung,Verwaltungsfachhochschulen,Nordrhein-Westfalen,Land,www.hsbund.de,x
hochschule 21,Fachhochschule,Niedersachsen,Privat,www.hs21.de,x
Technische Universität Chemnitz,Universitäten,Sachsen,Land,www.tu-chemnitz.de,x
Technische Universität Clausthal,Universitäten,Niedersachsen,Land,www.tu-clausthal.de,x
Hochschule für angewandte Wissenschaften Coburg,Fachhochschule,Bayern,Land,www.hs-coburg.de,x
Brandenburgische Technische Universität Cottbus-Senftenberg,Universitäten,Brandenburg,Land,www.b-tu.de,x
Evangelische Hochschule Darmstadt (staatlich anerkannt)  Kirchliche Körperschaft des öffentlichen Rechts,Fachhochschule,Hessen,Kirchlich,www.eh-darmstadt.de,x
Wilhelm Büchner Hochschule - Private Fernhochschule Darmstadt,Fachhochschule,Hessen,Privat,www.wb-fernstudium.de,x
Hochschule Darmstadt,Fachhochschule,Hessen,Land,www.h-da.de,x
Technische Universität Darmstadt,Universitäten,Hessen,Land,www.tu-darmstadt.de,x
Technische Hochschule Deggendorf,Fachhochschule,Bayern,Land,www.th-deg.de,x
Hochschule für Musik Detmold,Kunsthochschulen,Nordrhein-Westfalen,Land,www.hfm-detmold.de,x
Fachhochschule Dortmund,Fachhochschule,Nordrhein-Westfalen,Land,www.fh-dortmund.de,x
International School of Management,Fachhochschule,Nordrhein-Westfalen,Privat,www.ism.de,x
Technische Universität Dortmund,Universitäten,Nordrhein-Westfalen,Land,www.tu-dortmund.de,x
DIU - Dresden International University GmbH,Universitäten,Sachsen,Privat,www.di-uni.de,x
Evangelische Hochschule Dresden,Fachhochschule,Sachsen,Kirchlich,www.ehs-dresden.de,x
Hochschule für Bildende Künste Dresden,Kunsthochschulen,Sachsen,Land,www.hfbk-dresden.de,x
Hochschule für Kirchenmusik der Evangelisch-Lutherischen Landeskirche Sachsens,Kunsthochschulen,Sachsen,Kirchlich,www.kirchenmusik-dresden.de,x
Hochschule für Musik Carl Maria von Weber Dresden,Kunsthochschulen,Sachsen,Land,www.hfmdd.de,x
Palucca Hochschule für Tanz Dresden,Kunsthochschulen,Sachsen,Land,www.palucca.eu,x
Hochschule für Technik und Wirtschaft Dresden - University of Applied Sciences,Fachhochschule,Sachsen,Land,www.htw-dresden.de,x
Fachhochschule Dresden,Fachhochschule,Sachsen,Privat,www.fh-dresden.eu,x
Technische Universität Dresden,Universitäten,Sachsen,Land,tu-dresden.de,x
Universität Duisburg-Essen,Universitäten,Nordrhein-Westfalen,Land,www.uni-duisburg-essen.de,x
Fliedner Fachhochschule Düsseldorf,Fachhochschule,Nordrhein-Westfalen,Privat,www.fliedner-fachhochschule.de,x
Hochschule Düsseldorf,Fachhochschule,Nordrhein-Westfalen,Land,www.hs-duesseldorf.de,x
Robert-Schumann-Hochschule Düsseldorf,Kunsthochschulen,Nordrhein-Westfalen,Land,www.rsh-duesseldorf.de,x
IST-Hochschule für Management,Fachhochschule,Nordrhein-Westfalen,Privat,www.ist-hochschule.de,x
Kunstakademie Düsseldorf,Kunsthochschulen,Nordrhein-Westfalen,Land,www.kunstakademie-duesseldorf.de,x
Heinrich-Heine-Universität Düsseldorf,Universitäten,Nordrhein-Westfalen,Land,www.hhu.de,x
Hochschule für nachhaltige Entwicklung Eberswalde,Fachhochschule,Brandenburg,Land,www.hnee.de,x
Katholische Universität Eichstätt - Ingolstadt,Universitäten,Bayern,Kirchlich,www.ku.de,x
Nordakademie - Staatlich anerkannte private Fachhochschule mit dualen Studiengängen,Fachhochschule,Schleswig-Holstein,Privat,www.nordakademie.de,x
Theologische Hochschule Elstal,Fachhochschule,Brandenburg,Kirchlich,www.th-elstal.de,x
Hochschule Emden/Leer,Fachhochschule,Niedersachsen,Land,www.hs-emden-leer.de,x
Fachhochschule Erfurt,Fachhochschule,Thüringen,Land,www.fh-erfurt.de,x
HMU Health and Medical University,Hochschulen eigenen Typs,Thüringen,Privat,www.health-and-medical-university.de,x
IU Internationale Hochschule,Fachhochschule,Thüringen,Privat,www.iu.de,x
Universität Erfurt,Universitäten,Thüringen,Land,www.uni-erfurt.de,x
Friedrich-Alexander-Universität Erlangen-Nürnberg,Universitäten,Bayern,Land,www.fau.de,x
FOM Hochschule für Oekonomie & Management - University of Applied Sciences,Fachhochschule,Nordrhein-Westfalen,Privat,www.fom.de,x
Hochschule der bildenden Künste (HBK) Essen,Kunsthochschulen,Nordrhein-Westfalen,Privat,Www.hbk-essen.de,x
Folkwang Universität der Künste,Kunsthochschulen,Nordrhein-Westfalen,Land,www.folkwang-uni.de,x
Hochschule Esslingen,Fachhochschule,Baden-Württemberg,Land,www.hs-esslingen.de,x
Theologisches Hochschule Ewersbach,Fachhochschule,Hessen,Kirchlich,th-ewersbach.de,x
Hochschule Flensburg,Fachhochschule,Schleswig-Holstein,Land,www.hs-flensburg.de,x
Europa-Universität Flensburg,Universitäten,Schleswig-Holstein,Land,www.uni-flensburg.de,x
Frankfurt University of Applied Sciences,Fachhochschule,Hessen,Land,www.frankfurt-university.de,x
Provadis School of International Management and Technology,Fachhochschule,Hessen,Privat,www.provadis-hochschule.de,x
Frankfurt School of Finance & Management,Universitäten,Hessen,Privat,www.frankfurt-school.de,x
Hochschule für Bildende Künste (Städelschule),Kunsthochschulen,Hessen,Land,www.staedelschule.de,x
Hochschule für Musik und Darstellende Kunst Frankfurt am Main,Kunsthochschulen,Hessen,Land,www.hfmdk-frankfurt.de,x
Philosophisch-Theologische Hochschule Sankt Georgen Frankfurt am Main,Universitäten,Hessen,Kirchlich,www.sankt-georgen.de,x
"Johann Wolfgang Goethe-Universität, Frankfurt am Main",Universitäten,Hessen,Land,www.uni-frankfurt.de,x
University of Labour,Fachhochschule,Hessen,Privat,www.university-of-labour.de,x
Europa-Universität Viadrina Frankfurt (Oder),Universitäten,Brandenburg,Land,www.europa-uni.de,x
Technische Universität Bergakademie Freiberg,Universitäten,Sachsen,Land,tu-freiberg.de,x
"Evangelische Hochschule Freiburg, staatlich anerkannte Hochschule der Evangelischen Landeskirche in Baden",Fachhochschule,Baden-Württemberg,Kirchlich,www.eh-freiburg.de,x
Hochschule für Musik Freiburg im Breisgau,Kunsthochschulen,Baden-Württemberg,Land,www.mh-freiburg.de,x
"Katholische Hochschule Freiburg, staatlich anerkannte Hochschule - Catholic University of Applied Sciences",Fachhochschule,Baden-Württemberg,Kirchlich,www.kh-freiburg.de,x
Pädagogische Hochschule Freiburg,Universitäten,Baden-Württemberg,Land,www.ph-freiburg.de,x
Albert-Ludwigs-Universität Freiburg im Breisgau,Universitäten,Baden-Württemberg,Land,www.uni-freiburg.de,x
Theologische Hochschule Friedensau,Universitäten,Sachsen-Anhalt,Kirchlich,www.thh-friedensau.de,x
"Zeppelin Universität - Hochschule zwischen Wirtschaft, Kultur und Politik",Universitäten,Baden-Württemberg,Privat,www.zu.de,x
Hochschule Fulda - University of Applied Sciences,Fachhochschule,Hessen,Land,www.hs-fulda.de,x
Theologische Fakultät Fulda,Universitäten,Hessen,Kirchlich,www.thf-fulda.de,x
SRH Wilhelm Löhe Hochschule,Fachhochschule,Bayern,Privat,www.srh-hochschule-fuerth.de,x
"Hochschule Furtwangen - Informatik, Technik, Wirtschaft, Medien, Gesundheit",Fachhochschule,Baden-Württemberg,Land,www.hs-furtwangen.de,x
Hochschule Geisenheim,Hochschulen eigenen Typs,Hessen,Land,www.hs-geisenheim.de,x
Duale Hochschule Gera-Eisenach,Hochschulen eigenen Typs,Thüringen,Land,www.dhge.de,x
SRH Hochschule für Gesundheit,Fachhochschule,Thüringen,Privat,www.srh-gesundheitshochschule.de,x
Freie Theologische Hochschule Gießen,Fachhochschule,Hessen,Privat,www.fthgiessen.de,x
Justus-Liebig-Universität Gießen,Universitäten,Hessen,Land,www.uni-giessen.de,x
PFH - Private Hochschule Göttingen,Fachhochschule,Niedersachsen,Privat,www.pfh.de,-
Georg-August-Universität Göttingen,Universitäten,Niedersachsen,Land,www.uni-goettingen.de,x
Universität Greifswald,Universitäten,Mecklenburg-Vorpommern,Land,www.uni-greifswald.de,x
Hochschule der Deutschen Bundesbank,Verwaltungsfachhochschulen,Rheinland-Pfalz,Land,www.hochschule-bundesbank.de,x
FernUniversität in Hagen,Universitäten,Nordrhein-Westfalen,Land,www.fernuni-hagen.de,x
Evangelische Hochschule für Kirchenmusik,Kunsthochschulen,Sachsen-Anhalt,Kirchlich,www.ehk-halle.de,x
Burg Giebichenstein Kunsthochschule Halle,Kunsthochschulen,Sachsen-Anhalt,Land,www.burg-halle.de,x
Martin-Luther-Universität Halle-Wittenberg,Universitäten,Sachsen-Anhalt,Land,www.uni-halle.de,x
Norddeutsche Akademie für Finanzen und Steuerrecht,Verwaltungsfachhochschulen,Hamburg,Land,www.hamburg.de,-
Akademie der Polizei Hamburg,Verwaltungsfachhochschulen,Hamburg,Land,akademie-der-polizei.hamburg.de,x
Berufliche Hochschule Hamburg (BHH),Hochschulen eigenen Typs,Hamburg,Land,bhh.hamburg.de,x
"Bucerius Law School, Hochschule für Rechtswissenschaft",Universitäten,Hamburg,Privat,www.law-school.de,x
Europäische Fernhochschule Hamburg,Fachhochschule,Hamburg,Privat,www.euro-fh.de,x
Evangelische Hochschule für Soziale Arbeit & Diakonie,Fachhochschule,Hamburg,Kirchlich,www.ev-hochschule-hh.de,x
"Hamburger Fern-Hochschule, gemeinnützige GmbH",Fachhochschule,Hamburg,Privat,www.hfh-fernstudium.de,x
Brand University of Applied Sciences,Fachhochschule,Hamburg,Privat,www.brand-university.de,x
Hochschule für Angewandte Wissenschaften Hamburg,Fachhochschule,Hamburg,Land,www.haw-hamburg.de,x
HafenCity Universität Hamburg,Universitäten,Hamburg,Land,www.hcu-hamburg.de,x
Hochschule für Bildende Künste Hamburg,Kunsthochschulen,Hamburg,Land,www.hfbk-hamburg.de,x
Hochschule für Musik und Theater Hamburg,Kunsthochschulen,Hamburg,Land,www.hfmt-hamburg.de,x
HSBA Hamburg School of Business Administration,Fachhochschule,Hamburg,Privat,www.hsba.de,x
Kühne Logistics University - Wissenschaftliche Hochschule für Logistik und Unternehmensführung,Universitäten,Hamburg,Privat,www.the-klu.org,x
MSH Medical School Hamburg - University of Applied Sciences and Medical University,Hochschulen eigenen Typs,Hamburg,Privat,www.medicalschool-hamburg.de,x
NBS Northern Business School  University of Applied Sciences,Fachhochschule,Hamburg,Privat,www.nbs.de,x
Technische Universität Hamburg,Universitäten,Hamburg,Land,www.tuhh.de,x
Universität Hamburg,Universitäten,Hamburg,Land,www.uni-hamburg.de,x
Helmut-Schmidt-Universität/Universität der Bundeswehr Hamburg,Universitäten,Hamburg,Land,www.hsu-hh.de,x
Hochschule Hamm-Lippstadt,Fachhochschule,Nordrhein-Westfalen,Land,www.hshl.de,x
Fachhochschule für die Wirtschaft Hannover,Fachhochschule,Niedersachsen,Privat,www.fhdw-hannover.de,x
Hochschule Hannover,Fachhochschule,Niedersachsen,Land,www.hs-hannover.de,x
"Hochschule für Musik, Theater und Medien Hannover",Kunsthochschulen,Niedersachsen,Land,www.hmtm-hannover.de,x
Leibniz-Fachhochschule,Fachhochschule,Niedersachsen,Privat,www.leibniz-fh.de,x
Medizinische Hochschule Hannover (MHH),Universitäten,Niedersachsen,Land,www.mh-hannover.de,x
Stiftung Tierärztliche Hochschule Hannover,Universitäten,Niedersachsen,Land,www.tiho-hannover.de,x
Gottfried Wilhelm Leibniz Universität Hannover,Universitäten,Niedersachsen,Land,www.uni-hannover.de,x
"Hochschule Harz, Hochschule für angewandte Wissenschaften (FH)",Fachhochschule,Sachsen-Anhalt,Land,www.hs-harz.de,x
SRH Hochschule Heidelberg - Staatlich anerkannte Fachhochschule,Fachhochschule,Baden-Württemberg,Privat,www.hochschule-heidelberg.de,x
Hochschule für Jüdische Studien Heidelberg,Universitäten,Baden-Württemberg,Privat,www.hfjs.eu,x
Hochschule für Kirchenmusik der Evangelischen Landeskirche in Baden,Kunsthochschulen,Baden-Württemberg,Kirchlich,www.hfk-heidelberg.de,-
Hochschule Fresenius Heidelberg  staatlich anerkannte Hochschule der Hochschule Fresenius für Internationales Management GmbH,Fachhochschule,Baden-Württemberg,Privat,www.hs-fresenius.de,x
Pädagogische Hochschule Heidelberg,Universitäten,Baden-Württemberg,Land,www.ph-heidelberg.de,x
Ruprecht-Karls-Universität Heidelberg,Universitäten,Baden-Württemberg,Land,www.uni-heidelberg.de,x
"Hochschule Heilbronn, Technik, Wirtschaft, Informatik",Fachhochschule,Baden-Württemberg,Land,www.hs-heilbronn.de,x
Hochschule für Kirchenmusik der Evangelischen Kirche von Westfalen,Kunsthochschulen,Nordrhein-Westfalen,Kirchlich,www.hochschule-kirchenmusik.de,x
Fachhochschule für Interkulturelle Theologie Hermannsburg,Fachhochschule,Niedersachsen,Privat,www.fh-hermannsburg.de,x
Hessische Hochschule für Finanzen und Rechtspflege Rotenburg a.d. Fulda,Verwaltungsfachhochschulen,Hessen,Land,studienzentrum-rotenburg.hessen.de,x
Hessische Hochschule für öffentliches Management und Sicherheit,Verwaltungsfachhochschulen,Hessen,Land,hoems.hessen.de,x
Universität Hildesheim,Universitäten,Niedersachsen,Land,www.uni-hildesheim.de,x
HAWK Hochschule für angewandte Wissenschaft und Kunst Hildesheim/Holzminden/Göttingen,Fachhochschule,Niedersachsen,Land,www.hawk.de,x
Hochschule für Angewandte Wissenschaften Hof,Fachhochschule,Bayern,Land,www.hof-university.de,x
Universität Hohenheim,Universitäten,Baden-Württemberg,Land,www.uni-hohenheim.de,x
Hochschule Fresenius,Fachhochschule,Hessen,Privat,www.hs-fresenius.de,dupe
Technische Universität Ilmenau,Universitäten,Thüringen,Land,www.tu-ilmenau.de,x
Technische Hochschule Ingolstadt,Fachhochschule,Bayern,Land,www.thi.de,x
Hochschule für angewandtes Management,Fachhochschule,Bayern,Privat,www.fham.de,x
Ernst-Abbe-Hochschule Jena - University of Applied Sciences,Fachhochschule,Thüringen,Land,www.eah-jena.de,x
Friedrich-Schiller-Universität Jena,Universitäten,Thüringen,Land,www.uni-jena.de,x
Hochschule Kaiserslautern (University of Applied Sciences),Fachhochschule,Rheinland-Pfalz,Land,www.hs-kl.de,x
Rheinland-Pfälzische Technische Universität Kaiserslautern-Landau,Universitäten,Rheinland-Pfalz,Land,www.rptu.de,x
Staatliche Akademie der Bildenden Künste Karlsruhe,Kunsthochschulen,Baden-Württemberg,Land,www.kunstakademie-karlsruhe.de,x
Hochschule Karlsruhe - Technik und Wirtschaft,Fachhochschule,Baden-Württemberg,Land,www.h-ka.de,x
Staatliche Hochschule für Gestaltung Karlsruhe,Kunsthochschulen,Baden-Württemberg,Land,www.hfg-karlsruhe.de,x
Hochschule für Musik Karlsruhe,Kunsthochschulen,Baden-Württemberg,Land,www.hfm-karlsruhe.de,x
Karlshochschule International University - staatlich anerkannte Hochschule der Karlshochschule gemeinnützige GmbH Karlsruhe,Fachhochschule,Baden-Württemberg,Privat,www.karlshochschule.de,x
Pädagogische Hochschule Karlsruhe,Universitäten,Baden-Württemberg,Land,www.ph-karlsruhe.de,x
Karlsruher Institut für Technologie,Universitäten,Baden-Württemberg,Land,www.kit.edu,x
CVJM-Hochschule Kassel,Fachhochschule,Hessen,Privat,www.cvjm-hochschule.de,x
Universität Kassel,Universitäten,Hessen,Land,www.uni-kassel.de,x
Hochschule für angewandte Wissenschaften Kempten,Fachhochschule,Bayern,Land,www.hs-kempten.de,x
Fachhochschule Kiel,Fachhochschule,Schleswig-Holstein,Land,www.fh-kiel.de,x
Muthesius Kunsthochschule,Kunsthochschulen,Schleswig-Holstein,Land,www.muthesius-kunsthochschule.de,x
Christian-Albrechts-Universität zu Kiel,Universitäten,Schleswig-Holstein,Land,www.uni-kiel.de,x
Cusanus Hochschule für Gesellschaftsgestaltung,Hochschulen eigenen Typs,Rheinland-Pfalz,Privat,www.cusanus-hochschule.de,x
Hochschule Koblenz,Fachhochschule,Rheinland-Pfalz,Land,www.hs-koblenz.de,x
Universität Koblenz,Universitäten,Rheinland-Pfalz,Land,www.uni-koblenz.de,x
CBS International Business School - University of Applied Sciences,Fachhochschule,Nordrhein-Westfalen,Privat,cbs.de,x
Deutsche Sporthochschule Köln,Universitäten,Nordrhein-Westfalen,Land,www.dshs-koeln.de,x
Hochschule für Musik und Tanz Köln,Kunsthochschulen,Nordrhein-Westfalen,Land,www.hfmt-koeln.de,x
Kölner Hochschule für Katholische Theologie (KHKT),Universitäten,Nordrhein-Westfalen,Kirchlich,www.khkt.de,x
Kolping Hochschule,Fachhochschule,Nordrhein-Westfalen,Privat,www.kolping-hochschule.de,x
Kunsthochschule für Medien Köln,Kunsthochschulen,Nordrhein-Westfalen,Land,www.khm.de,x
Rheinische Fachhochschule Köln,Fachhochschule,Nordrhein-Westfalen,Privat,www.rfh-koeln.de,x
Technische Hochschule Köln,Fachhochschule,Nordrhein-Westfalen,Land,www.th-koeln.de,x
Universität zu Köln,Universitäten,Nordrhein-Westfalen,Land,www.uni-koeln.de,x
"Allensbach Hochschule Konstanz,  staatlich anerkannte Hochschule der European Education Group GmbH",Fachhochschule,Baden-Württemberg,Privat,www.allensbach-hochschule.de,x
"Hochschule Konstanz Technik, Wirtschaft und Gestaltung",Fachhochschule,Baden-Württemberg,Land,www.htwg-konstanz.de,x
Universität Konstanz,Universitäten,Baden-Württemberg,Land,www.uni-konstanz.de,x
Hochschule Landshut - Hochschule für angewandte Wissenschaften,Fachhochschule,Bayern,Land,www.haw-landshut.de,x
Hochschule für Grafik und Buchkunst Leipzig,Kunsthochschulen,Sachsen,Land,www.hgb-leipzig.de,x
HHL Leipzig Graduate School of Management,Universitäten,Sachsen,Privat,www.hhl.de,x
Hochschule für Musik und Theater Felix Mendelssohn Bartholdy Leipzig,Kunsthochschulen,Sachsen,Land,www.hmt-leipzig.de,x
"Hochschule für Technik, Wirtschaft und Kultur Leipzig",Fachhochschule,Sachsen,Land,www.htwk-leipzig.de,x
Universität Leipzig,Universitäten,Sachsen,Land,www.uni-leipzig.de,x
Musikhochschule Lübeck,Kunsthochschulen,Schleswig-Holstein,Land,www.mh-luebeck.de,x
Technische Hochschule Lübeck,Fachhochschule,Schleswig-Holstein,Land,www.th-luebeck.de,x
Universität zu Lübeck,Universitäten,Schleswig-Holstein,Land,www.uni-luebeck.de,x
Evangelische Hochschule Ludwigsburg - staatlich anerkannte Hochschule für Angewandte Wissenschaften der Evangelischen Landeskirche in Württemberg,Fachhochschule,Baden-Württemberg,Kirchlich,www.eh-ludwigsburg.de,x
Pädagogische Hochschule Ludwigsburg,Universitäten,Baden-Württemberg,Land,www.ph-ludwigsburg.de,x
Hochschule für Wirtschaft und Gesellschaft Ludwigshafen ,Fachhochschule,Rheinland-Pfalz,Land,www.hwg-lu.de,x
Leuphana Universität Lüneburg,Universitäten,Niedersachsen,Land,www.leuphana.de,x
Hochschule Magdeburg-Stendal,Fachhochschule,Sachsen-Anhalt,Land,www.h2.de,x
Otto-von-Guericke-Universität Magdeburg,Universitäten,Sachsen-Anhalt,Land,www.ovgu.de,x
Hochschule Mainz,Fachhochschule,Rheinland-Pfalz,Land,www.hs-mainz.de,x
Katholische Hochschule Mainz Catholic University of Applied Sciences,Fachhochschule,Rheinland-Pfalz,Kirchlich,www.kh-mz.de,x
Johannes Gutenberg-Universität Mainz,Universitäten,Rheinland-Pfalz,Land,www.uni-mainz.de,x
Hochschule Mannheim,Fachhochschule,Baden-Württemberg,Land,www.hs-mannheim.de,x
Hochschule der Bundesagentur für Arbeit - Staatlich anerkannte Hochschule für angewandte Wissenschaft in Mannheim und Schwerin (University of Applied Labour Studies of the Federal Employment Agency),Verwaltungsfachhochschulen,Baden-Württemberg,Land,www.hdba.de,x
Hochschule der Wirtschaft für Management,Fachhochschule,Baden-Württemberg,Privat,www.hdwm.de,x
Staatliche Hochschule für Musik und Darstellende Kunst Mannheim,Kunsthochschulen,Baden-Württemberg,Land,www.muho-mannheim.de,x
Universität Mannheim,Universitäten,Baden-Württemberg,Land,www.uni-mannheim.de,x
Evangelische Hochschule Tabor,Fachhochschule,Hessen,Privat,www.eh-tabor.de,x
Archivschule Marburg - Hochschule für Archivwissenschaft,Verwaltungsfachhochschulen,Hessen,Land,www.archivschule.de,x
Philipps-Universität Marburg,Universitäten,Hessen,Land,www.uni-marburg.de,x
"Fachhochschule für öffentliche Verwaltung, Polizei und Rechtspflege des Landes Mecklenburg-Vorpommern",Verwaltungsfachhochschulen,Mecklenburg-Vorpommern,Land,www.fh-guestrow.de,x
Hochschule Merseburg,Fachhochschule,Sachsen-Anhalt,Land,www.hs-merseburg.de,x
Technische Hochschule Mittelhessen - THM,Fachhochschule,Hessen,Land,www.thm.de,x
"Hochschule Mittweida, University of Applied Sciences",Fachhochschule,Sachsen,Land,www.hs-mittweida.de,x
Akademie der Bildenden Künste München,Kunsthochschulen,Bayern,Land,www.adbk.de,x
Hochschule für angewandte Wissenschaften München,Fachhochschule,Bayern,Land,www.hm.edu,x
Hochschule der Bayerischen Wirtschaft für angewandte Wissenschaften - HDBW,Fachhochschule,Bayern,Privat,www.hdbw-hochschule.de,x
Hochschule für Fernsehen und Film München,Kunsthochschulen,Bayern,Land,www.hff-muc.de,x
Hochschule für Musik und Theater München,Kunsthochschulen,Bayern,Land,www.musikhochschule-muenchen.de,x
Hochschule für Philosophie,Universitäten,Bayern,Kirchlich,www.hfph.de,x
Internationale Hochschule SDI München - Hochschule für angewandte Wissenschaften,Fachhochschule,Bayern,Privat,www.sdi-muenchen.de,x
Katholische    Stiftungshochschule für   angewandte Wissenschaften München - Hochschule der Kirchlichen Stiftung des öffentlichen Rechts Katholische Bildungsstätten für Sozialberufe in Bayern,Fachhochschule,Bayern,Kirchlich,www.ksh-muenchen.de,x
Munich Business School - Staatlich anerkannte private Fachhochschule,Fachhochschule,Bayern,Privat,www.munich-business-school.de,x
Technische Universität München,Universitäten,Bayern,Land,www.tum.de,x
Ludwig-Maximilians-Universität München,Universitäten,Bayern,Land,www.lmu.de,x
Universität der Bundeswehr München,Universitäten,Bayern,Land,www.unibw.de,x
FH Münster University of Applied Sciences,Fachhochschule,Nordrhein-Westfalen,Land,www.fh-muenster.de,x
"Kunstakademie Münster, Hochschule für Bildende Künste",Kunsthochschulen,Nordrhein-Westfalen,Land,www.kunstakademie-muenster.de,x
Philosophisch-Theologische Hochschule Münster - Kirchlich und staatlich anerkannte Hochschule in Trägerschaft der PTH Philosophisch-Theologische Hochschule Münster gemeinnützige GmbH,Universitäten,Nordrhein-Westfalen,Kirchlich,www.pth-muenster.de,x
Westfälische Wilhelms-Universität Münster,Universitäten,Nordrhein-Westfalen,Land,www.uni-muenster.de,x
Hochschule Neubrandenburg - University of Applied Sciences,Fachhochschule,Mecklenburg-Vorpommern,Land,www.hs-nb.de,x
Augustana-Hochschule Neuendettelsau,Universitäten,Bayern,Kirchlich,www.augustana.de,x
Medizinische Hochschule Brandenburg Theodor Fontane,Universitäten,Brandenburg,Privat,www.mhb-fontane.de,x
Hochschule für angewandte Wissenschaften Neu-Ulm,Fachhochschule,Bayern,Land,www.hnu.de,x
Hochschule Niederrhein,Fachhochschule,Nordrhein-Westfalen,Land,www.hs-niederrhein.de,x
Norddeutsche Hochschule für Rechtspflege - Niedersachsen,Verwaltungsfachhochschulen,Niedersachsen,Land,www.hr-nord.niedersachsen.de,x
Kommunale Hochschule für Verwaltung in Niedersachsen,Verwaltungsfachhochschulen,Niedersachsen,Land,www.nsi-hsvn.de,x
Polizeiakademie Niedersachsen,Verwaltungsfachhochschulen,Niedersachsen,Land,www.pa.polizei-nds.de,-
Steuerakademie Niedersachsen,Verwaltungsfachhochschulen,Niedersachsen,Land,www.steuerakademie.niedersachsen.de,
Hochschule Nordhausen,Fachhochschule,Thüringen,Land,www.hs-nordhausen.de,x
DIPLOMA Hochschule - Private Fachhochschule Nordhessen,Fachhochschule,Hessen,Privat,www.diploma.de,x
Deutsche Hochschule der Polizei,Verwaltungsfachhochschulen,Nordrhein-Westfalen,Land,www.dhpol.de,x
Fachhochschule für Rechtspflege Nordrhein-Westfalen,Verwaltungsfachhochschulen,Nordrhein-Westfalen,Land,www.fhr.nrw.de,x
Hochschule für Finanzen NRW,Verwaltungsfachhochschulen,Nordrhein-Westfalen,Land,www.finanzverwaltung.nrw.de,-
Hochschule für Polizei und öffentliche Verwaltung Nordrhein-Westfalen,Verwaltungsfachhochschulen,Nordrhein-Westfalen,Land,www.hspv.nrw.de,x
Katholische Hochschule Nordrhein-Westfalen - Catholic University of Applied Sciences,Fachhochschule,Nordrhein-Westfalen,Kirchlich,www.katho-nrw.de,x
SRH Hochschule in Nordrhein-Westfalen,Fachhochschule,Nordrhein-Westfalen,Privat,www.srh-hochschule-nrw.de,x
Akademie der Bildenden Künste Nürnberg,Kunsthochschulen,Bayern,Land,www.adbk-nuernberg.de,x
Evangelische Hochschule für angewandte Wissenschaften - Evangelische Fachhochschule Nürnberg,Fachhochschule,Bayern,Kirchlich,www.evhn.de,x
Hochschule für Musik Nürnberg,Kunsthochschulen,Bayern,Land,www.hfm-nuernberg.de,x
Technische Hochschule Nürnberg Georg Simon Ohm,Fachhochschule,Bayern,Land,www.th-nuernberg.de,x
Hochschule für Wirtschaft und Umwelt Nürtingen-Geislingen,Fachhochschule,Baden-Württemberg,Land,www.hfwu.de,x
Lutherische Theologische Hochschule Oberursel,Universitäten,Hessen,Kirchlich,www.lthh-oberursel.de,x
Hochschule für Gestaltung Offenbach,Kunsthochschulen,Hessen,Land,www.hfg-offenbach.de,x
"Hochschule für Technik, Wirtschaft und Medien Offenburg",Fachhochschule,Baden-Württemberg,Land,www.hs-offenburg.de,x
Carl von Ossietzky Universität Oldenburg,Universitäten,Niedersachsen,Land,www.uol.de,x
Hochschule Osnabrück,Fachhochschule,Niedersachsen,Land,www.hs-osnabrueck.de,x
Universität Osnabrück,Universitäten,Niedersachsen,Land,www.uni-osnabrueck.de,x
"Hochschule Braunschweig/Wolfenbüttel, Ostfalia Hochschule für angewandte Wissenschaften",Fachhochschule,Niedersachsen,Land,www.ostfalia.de,x
Technische Hochschule Ostwestfalen-Lippe ,Fachhochschule,Nordrhein-Westfalen,Land,www.th-owl.de,x
"Hochschule für Künste im Sozialen, Ottersberg",Fachhochschule,Niedersachsen,Privat,www.hks-ottersberg.de,x
Fachhochschule der Wirtschaft,Fachhochschule,Nordrhein-Westfalen,Privat,www.fhdw.de,x
Theologische Fakultät Paderborn,Universitäten,Nordrhein-Westfalen,Kirchlich,www.thf-paderborn.de,x
Universität Paderborn,Universitäten,Nordrhein-Westfalen,Land,www.uni-paderborn.de,x
Universität Passau,Universitäten,Bayern,Land,www.uni-passau.de,x
"Hochschule Pforzheim - Gestaltung, Technik, Wirtschaft und Recht",Fachhochschule,Baden-Württemberg,Land,www.hs-pforzheim.de,x
Filmuniversität Babelsberg Konrad Wolf,Kunsthochschulen,Brandenburg,Land,www.filmuniversitaet.de,x
Fachhochschule Clara Hoffbauer Potsdam - University of Applied Sciences,Fachhochschule,Brandenburg,Privat,www.fhchp.de,x
Fachhochschule Potsdam,Fachhochschule,Brandenburg,Land,www.fh-potsdam.de,x
Fachhochschule für Sport und Management Potsdam,Fachhochschule,Brandenburg,Privat,www.fhsmp.de,x
GISMA Business School,Fachhochschule,Brandenburg,Privat,www.gisma.com,x
HSD Hochschule Döpfer,Fachhochschule,Brandenburg,Privat,www.hs-doepfer.de,x
Universität Potsdam,Universitäten,Brandenburg,Land,www.uni-potsdam.de,x
University of Europe for Applied Sciences,Fachhochschule,Brandenburg,Privat,www.ue-germany.com,x
XU Exponential University of Applied Sciences,Fachhochschule,Brandenburg,Privat,xu-university.com,x
Hochschule Ravensburg-Weingarten,Fachhochschule,Baden-Württemberg,Land,www.rwu.de,x
Hochschule für Katholische Kirchenmusik und Musikpädagogik,Kunsthochschulen,Bayern,Kirchlich,www.hfkm-regensburg.de,x
Ostbayerische Technische Hochschule Regensburg,Fachhochschule,Bayern,Land,www.oth-regensburg.de,x
Universität Regensburg,Universitäten,Bayern,Land,www.uni-regensburg.de,x
"Hochschule Reutlingen, Hochschule für Technik-  Wirtschaft-Informatik-Design",Fachhochschule,Baden-Württemberg,Land,www.reutlingen-university.de,x
Theologische Hochschule Reutlingen - staatlich anerkannte Fachhochschule der Evangelisch-methodistischen Kirche,Fachhochschule,Baden-Württemberg,Kirchlich,www.th-reutlingen.de,x
Hochschule für Finanzen Rheinland-Pfalz,Verwaltungsfachhochschulen,Rheinland-Pfalz,Land,landesfinanzschule-edenkoben.fin-rlp.de,x
Hochschule der Polizei Rheinland-Pfalz,Verwaltungsfachhochschulen,Rheinland-Pfalz,Land,www.polizei.rlp.de,-
Hochschule für öffentliche Verwaltung Rheinland-Pfalz,Verwaltungsfachhochschulen,Rheinland-Pfalz,Land,hoev-rlp.de,x
Hochschule RheinMain,Fachhochschule,Hessen,Land,www.hs-rm.de,x
Hochschule Rhein-Waal - University of Applied Sciences,Fachhochschule,Nordrhein-Westfalen,Land,www.hochschule-rhein-waal.de,x
SRH Fernhochschule - The Mobile University,Fachhochschule,Baden-Württemberg,Privat,www.mobile-university.de,x
Technische Hochschule Rosenheim,Fachhochschule,Bayern,Land,www.th-rosenheim.de,x
Hochschule für Musik und Theater Rostock,Kunsthochschulen,Mecklenburg-Vorpommern,Land,www.hmt-rostock.de,x
Universität Rostock,Universitäten,Mecklenburg-Vorpommern,Land,www.uni-rostock.de,x
Hochschule für Forstwirtschaft Rottenburg,Fachhochschule,Baden-Württemberg,Land,www.hs-rottenburg.net,x
Hochschule für Kirchenmusik der Diözese Rottenburg-Stuttgart,Kunsthochschulen,Baden-Württemberg,Kirchlich,www.kirchenmusik-hochschule.org,-
Hochschule Ruhr West- University of Applied Sciences,Fachhochschule,Nordrhein-Westfalen,Land,www.hochschule-ruhr-west.de,x
Deutsche Hochschule für Prävention und Gesundheitsmanagement GmbH,Fachhochschule,Saarland,Privat,www.dhfpg.de,x
Hochschule für Musik Saar,Kunsthochschulen,Saarland,Land,www.hfm.saarland.de,x
Hochschule für Technik und Wirtschaft des Saarlandes,Fachhochschule,Saarland,Land,www.htwsaar.de,x
Universität des Saarlandes,Universitäten,Saarland,Land,www.uni-saarland.de,x
Hochschule der Bildenden Künste Saar,Kunsthochschulen,Saarland,Land,www.hbksaar.de,x
Fachhochschule der Verwaltung des Saarlandes,Verwaltungsfachhochschulen,Saarland,Land,www.saarland.de,-
Fachhochschule Polizei Sachsen-Anhalt,Verwaltungsfachhochschulen,Sachsen-Anhalt,Land,fh-polizei.sachsen-anhalt.de,x
Hochschule der Sächsischen Polizei (FH),Verwaltungsfachhochschulen,Sachsen,Land,www.polizei.sachsen.de,-
"Hochschule für öffentliche Verwaltung und Rechtspflege (FH), Fortbildungszentrum des Freistaates Sachsen",Verwaltungsfachhochschulen,Sachsen,Land,www.hsf.sachsen.de,x
Duale Hochschule Schleswig-Holstein - staatlich anerkannte Hochschule für angewandte Wissenschaften in Trägerschaft der Wirtschaftsakademie Schleswig-Holstein,Fachhochschule,Schleswig-Holstein,Privat,www.dhsh.de,x
Fachhochschule für Verwaltung und Dienstleistung in Schleswig-Holstein,Verwaltungsfachhochschulen,Schleswig-Holstein,Land,www.fhvd-sh.de,x
Hochschule Schmalkalden,Fachhochschule,Thüringen,Land,www.hs-schmalkalden.de,x
Hochschule für Gestaltung Schwäbisch Gmünd,Fachhochschule,Baden-Württemberg,Land,www.hfg-gmuend.de,x
Pädagogische Hochschule Schwäbisch Gmünd,Universitäten,Baden-Württemberg,Land,www.ph-gmuend.de,x
Universität Siegen,Universitäten,Nordrhein-Westfalen,Land,www.uni-siegen.de,x
Deutsche Universität für Verwaltungswissenschaften Speyer,Universitäten,Rheinland-Pfalz,Land,www.uni-speyer.de,x
Hochschule Stralsund,Fachhochschule,Mecklenburg-Vorpommern,Land,www.hochschule-stralsund.de,x
AKAD Hochschule Stuttgart - staatlich anerkannt,Fachhochschule,Baden-Württemberg,Privat,www.akad.de,x
Staatliche Akademie der Bildenden Künste Stuttgart,Kunsthochschulen,Baden-Württemberg,Land,www.abk-stuttgart.de,x
Duale Hochschule Baden-Württemberg,Hochschulen eigenen Typs,Baden-Württemberg,Land,www.dhbw.de,x
Hochschule für Technik Stuttgart,Fachhochschule,Baden-Württemberg,Land,www.hft-stuttgart.de,x
Hochschule der Medien Stuttgart,Fachhochschule,Baden-Württemberg,Land,www.hdm-stuttgart.de,x
Hochschule für Kommunikation und Gestaltung,Fachhochschule,Baden-Württemberg,Privat,www.hfk-bw.de,x
Staatliche Hochschule für Musik und Darstellende Kunst Stuttgart,Kunsthochschulen,Baden-Württemberg,Land,www.hmdk-stuttgart.de,x
Hochschule Macromedia - staatlich anerkannte Hochschule für angewandte Wissenschaften der Macromedia GmbH mit Sitz in Stuttgart,Fachhochschule,Baden-Württemberg,Privat,www.macromedia-fachhochschule.de,x
media Akademie - Hochschule Stuttgart,Fachhochschule,Baden-Württemberg,Privat,www.media-hs.de,x
"Merz Akademie Hochschule für Gestaltung, Kunst und Medien, Stuttgart - Staatlich anerkannt",Fachhochschule,Baden-Württemberg,Privat,www.merz-akademie.de,x
Universität Stuttgart,Universitäten,Baden-Württemberg,Land,www.uni-stuttgart.de,x
Freie Hochschule Stuttgart - Seminar für Waldorfpädagogik. Staatlich anerkannte wissenschaftliche Hochschule.,Universitäten,Baden-Württemberg,Privat,www.freie-hochschule-stuttgart.de,x
VWA-Hochschule für berufsbegleitendes Studium,Fachhochschule,Baden-Württemberg,Privat,www.vwa-hochschule.de,x
Fachhochschule Südwestfalen,Fachhochschule,Nordrhein-Westfalen,Land,www.fh-swf.de,x
Thüringer Fachhochschule für öffentliche Verwaltung,Verwaltungsfachhochschulen,Thüringen,Land,bildungszentrum.thueringen.de,x
Hochschule Trier - Trier University of Applied Sciences,Fachhochschule,Rheinland-Pfalz,Land,www.hochschule-trier.de,x
Theologische Fakultät Trier,Universitäten,Rheinland-Pfalz,Kirchlich,www.theo.uni-trier.de,x
Universität Trier,Universitäten,Rheinland-Pfalz,Land,www.uni-trier.de,x
Staatliche Hochschule für Musik Trossingen,Kunsthochschulen,Baden-Württemberg,Land,www.hfm-trossingen.de,x
Hochschule für Kirchenmusik der Evangelischen Landeskirche in Württemberg,Kunsthochschulen,Baden-Württemberg,Kirchlich,www.kirchenmusikhochschule.de,-
Eberhard Karls Universität Tübingen,Universitäten,Baden-Württemberg,Land,www.uni-tuebingen.de,x
Technische Hochschule Ulm,Fachhochschule,Baden-Württemberg,Land,www.thu.de,x
Universität Ulm,Universitäten,Baden-Württemberg,Land,www.uni-ulm.de,x
Vinzenz Pallotti University,Universitäten,Rheinland-Pfalz,Kirchlich,vp-uni.de,-
WHU - Otto Beisheim School of Management,Universitäten,Rheinland-Pfalz,Privat,www.whu.edu,x
Private Hochschule für Wirtschaft und Technik Vechta/Diepholz,Fachhochschule,Niedersachsen,Privat,www.phwt.de,x
Universität Vechta,Universitäten,Niedersachsen,Land,www.uni-vechta.de,x
Fachhochschule Wedel,Fachhochschule,Schleswig-Holstein,Privat,www.fh-wedel.de,x
Hochschule  für  angewandte  Wissenschaften  Weihenstephan-Triesdorf,Fachhochschule,Bayern,Land,www.hswt.de,x
Hochschule für Musik Franz Liszt Weimar,Kunsthochschulen,Thüringen,Land,www.hfm-weimar.de,x
Bauhaus-Universität Weimar,Universitäten,Thüringen,Land,www.uni-weimar.de,x
Pädagogische Hochschule Weingarten,Universitäten,Baden-Württemberg,Land,www.ph-weingarten.de,x
Hochschule Weserbergland,Fachhochschule,Niedersachsen,Privat,www.hsw-hameln.de,x
"Westfälische Hochschule Gelsenkirchen, Bocholt, Recklinghausen",Fachhochschule,Nordrhein-Westfalen,Land,www.w-hs.de,x
"Fachhochschule Westküste, Hochschule für Wirtschaft und Technik",Fachhochschule,Schleswig-Holstein,Land,www.fh-westkueste.de,x
EBS Universität für Wirtschaft und Recht,Universitäten,Hessen,Privat,www.ebs.edu,x
Technische Hochschule Wildau,Fachhochschule,Brandenburg,Land,www.th-wildau.de,x
Jade Hochschule -  Wilhelmshaven/Oldenburg/Elsfleth,Fachhochschule,Niedersachsen,Land,www.jade-hs.de,x
"Hochschule Wismar - University of Applied Sciences: Technology, Business and Design",Fachhochschule,Mecklenburg-Vorpommern,Land,www.hs-wismar.de,x
Private Universität Witten/Herdecke gGmbH,Universitäten,Nordrhein-Westfalen,Privat,www.uni-wh.de,x
"Hochschule Worms, University of Applied Sciences",Fachhochschule,Rheinland-Pfalz,Land,www.hs-worms.de,x
Kirchliche Hochschule Wuppertal,Universitäten,Nordrhein-Westfalen,Kirchlich,www.kiho-wuppertal.de,x
Bergische Universität Wuppertal,Universitäten,Nordrhein-Westfalen,Land,www.uni-wuppertal.de,x
Hochschule für Musik Würzburg,Kunsthochschulen,Bayern,Land,www.hfm-wuerzburg.de,x
Technische Hochschule Würzburg-Schweinfurt,Fachhochschule,Bayern,Land,www.thws.de,x
Julius-Maximilians-Universität Würzburg,Universitäten,Bayern,Land,www.uni-wuerzburg.de,x
Hochschule Zittau/Görlitz,Fachhochschule,Sachsen,Land,www.hszg.de,x
Westsächsische Hochschule Zwickau,Fachhochschule,Sachsen,Land,www.fh-zwickau.de,x
